data;otwarcie;zamkniecie;maks;min;obrot;zmiana
01.03.2021;237.4;240.3;241;225.2;253.2;1.56
02.03.2021;249.6;236.6;249.9;234.2;354.91;-5.96
03.03.2021;255;251.6;256;249.1;193.65;-2.56
24.02.2021;258.2;258.2;262.3;256;88.58;0.19
23.02.2021;259;257.7;261.1;250.1;142.56;-0.15
22.02.2021;266.4;258.1;268.2;258;122.44;-2.75
19.02.2021;275;265.4;278.9;264.7;116.01;-3.49
18.02.2021;271.3;275;283.5;269.2;137.9;1.36
17.02.2021;272.1;271.3;272.5;268.1;79.36;0.44
16.02.2021;271;270.1;273.2;266.7;88.21;0.04
15.02.2021;260;270;270.6;258.3;72.53;2.66
12.02.2021;269.1;263;269.7;260.3;96.92;-2.77
11.02.2021;268.5;270.5;271.4;268;94.71;0.37
10.02.2021;268.9;269.5;275.5;264.4;177.48;-0.19
09.02.2021;287;270;288.2;268.4;306.99;-5.69
08.02.2021;297;286.3;297.8;286.3;140.6;-2.42
05.02.2021;293.2;293.4;297.9;288.2;127.08;0.82
04.02.2021;288.1;291;298.8;288.1;117.97;1.04
03.02.2021;284;288;295.6;283.4;199.62;1.66
02.02.2021;305.5;283.3;305.9;282.4;400.28;-7.36
01.02.2021;305.5;305.8;316;291.3;307.85;0.2
29.01.2021;354;305.2;358;297.7;959.73;-16.38
28.01.2021;311.2;365;376.5;299.1;2350.69;15.58
27.01.2021;308;315.8;345;308;1913.04;5.27
26.01.2021;273.1;300;300;273.1;779.18;8.81
25.01.2021;252;275.7;276.6;250.3;427.09;10.24
22.01.2021;252;250.1;257;249.9;131.02;-1.22
21.01.2021;255;253.2;260.5;251.6;231.13;0.2
20.01.2021;247;252.7;255.7;239;183.2;1.81
19.01.2021;255.3;248.2;257;242.8;186.52;-2.09
18.01.2021;257;253.5;258.2;249.3;121.28;-1.05
15.01.2021;265;256.2;267.2;251.1;196.08;-3.32
14.01.2021;253.4;265;277.1;251.3;339;6.04
13.01.2021;248.5;249.9;253.5;247.1;163.6;0.56
12.01.2021;246;248.5;252.9;243;162.24;1.02
11.01.2021;240;246;257;240;198.41;2.54
08.01.2021;250.2;239.9;253.4;234.2;367.23;-3.27
07.01.2021;267;248;267.1;248;386.07;-6.66
05.01.2021;275.6;265.7;275.6;263.6;243.79;-3.87
04.01.2021;276.5;276.4;279;268.1;190.64;0.62
31.12.2020;274.7;274.7;274.7;274.7;0;0
30.12.2020;280.5;274.7;280.5;270.4;179.23;-2.07
29.12.2020;279.5;280.5;285.2;274.4;192.97;2.37
28.12.2020;265;274;274;257.1;277.11;1.86
24.12.2020;269;269;269;269;0;0
23.12.2020;275;269;275.6;252;381.97;0.49
22.12.2020;262.6;267.7;275.9;262;400.54;4.57
21.12.2020;260;256;265.3;248;688.12;-5.67
18.12.2020;260;271.4;272.6;242.5;1417.57;-12.23
17.12.2020;305;309.2;313.9;305;332;3.07
16.12.2020;299.3;300;304;290;334.45;0
15.12.2020;303.8;300;316.8;294;806.72;1.32
14.12.2020;265;296.1;298;238.5;1477.54;-7.61
11.12.2020;358.8;320.5;358.8;308.3;1287.92;-11.46
10.12.2020;391.5;362;401.1;358.3;764.97;-8.54
09.12.2020;399.7;395.8;412.1;383.2;561.75;0.2
08.12.2020;400;395;410.4;385;745.32;-7.08
07.12.2020;446.5;425.1;464.2;401.9;628.67;-4.04
04.12.2020;422.8;443;443.5;422.5;204.41;5.23
03.12.2020;426;421;428;418;203.99;-0.94
02.12.2020;411.2;425;426;404.7;235.02;4.68
01.12.2020;392.4;406;418.2;392.4;382.52;4.24
30.11.2020;366;389.5;391.2;366;405.95;7.39
27.11.2020;359;362.7;364;352.6;136.87;1.06
26.11.2020;369;358.9;377.5;358;181.96;-1.4
25.11.2020;372.2;364;373.5;363.1;126.64;-1.91
24.11.2020;375;371.1;377;365.5;103.02;-0.4
23.11.2020;377.5;372.6;389;372;123.7;0.11
20.11.2020;368.1;372.2;376.1;368;110.05;1.14
19.11.2020;374;368;374;365.5;124.46;-1.74
18.11.2020;371;374.5;378.8;370;115.9;1.33
17.11.2020;360;369.6;371;359.2;107.36;2.55
16.11.2020;370;360.4;371.9;360.4;112.29;-0.83
13.11.2020;372.5;363.4;372.5;363.1;104.81;-2.42
12.11.2020;371;372.4;378.4;367.2;165.33;1.83
10.11.2020;375;365.7;378.7;353.5;296.7;-1.53
09.11.2020;389;371.4;401.1;369.1;372.18;-3.05
06.11.2020;373;383.1;389;371.5;143.18;3.23
05.11.2020;387.9;371.1;396.2;370;293.76;-2.65
04.11.2020;365;381.2;386.9;359.8;283.4;4.44
03.11.2020;347.5;365;366.5;343;208.2;6.51
02.11.2020;343.6;342.7;348.8;341.4;159.81;2.18
30.10.2020;351.7;335.4;352;333.3;197.5;-5.25
29.10.2020;336;354;356.5;334;264.97;6.95
28.10.2020;349;331;353.9;320;533.78;-9.09
27.10.2020;363.2;364.1;380;362.6;254.55;1.14
26.10.2020;354.5;360;365.6;354;135.64;1.84
23.10.2020;367.4;353.5;370.1;352.7;279.16;-3.57
22.10.2020;360;366.6;376.5;358;123.02;0.22
21.10.2020;367.2;365.8;369.4;354.7;247.78;-0.57
20.10.2020;372;367.9;378;362.2;179.32;-1.1
19.10.2020;381.6;372;384;372;116.94;-1.74
16.10.2020;378;378.6;390;378;240.71;0.96
15.10.2020;386.4;375;387.5;373.3;117.74;-3.6
14.10.2020;383;389;397.7;380.1;165.99;1.57
13.10.2020;371;383;384.2;367;107.41;3.23
12.10.2020;378;371;382.7;371;161.55;-1.9
09.10.2020;389.9;378.2;389.9;373.5;138.97;-2.75
08.10.2020;381.2;388.9;388.9;379.9;140.43;3.13
07.10.2020;375.3;377.1;379.8;365.7;197.95;0.61
06.10.2020;400;374.8;400.8;373;305.32;-5.99
05.10.2020;403;398.7;410.5;395.1;156.3;0.38
02.10.2020;390.1;397.2;400.5;384.1;298.43;3.82
01.10.2020;416.9;382.6;416.9;377;459.11;-8.56
30.09.2020;425;418.4;430.4;418.4;181.32;-3.01
29.09.2020;429.9;431.4;434.7;424.5;134.24;0.42
28.09.2020;414;429.6;429.6;413.3;133.5;4.78
25.09.2020;404.6;410;410;400.1;114.11;1.84
24.09.2020;404;402.6;409.4;398.3;215.8;-1.08
23.09.2020;400.9;407;409.4;400.9;130.35;1.52
22.09.2020;391.3;400.9;407.9;390.2;223.29;4.05
21.09.2020;402;385.3;409.2;385.3;166.11;-4.18
18.09.2020;405;402.1;411.3;402.1;278.46;-0.47
17.09.2020;402;404;406.2;396.8;132.28;-0.32
16.09.2020;405.6;405.3;412.9;401.5;140.29;0.57
15.09.2020;417.2;403;417.2;400.5;182.84;-3.43
14.09.2020;433;417.3;434.5;417.3;258.86;-3
11.09.2020;430;430.2;433;427.1;181.81;0.28
10.09.2020;431.3;429;433.3;427.8;197.98;-0.69
09.09.2020;433;432;434.3;426.6;180.64;-0.32
08.09.2020;440;433.4;440.3;428.2;167.84;-0.73
07.09.2020;430.1;436.6;439.1;425.7;66.38;2.01
04.09.2020;419.8;428;435.9;411.6;349.63;-0.6
03.09.2020;443.4;430.6;446.8;429.8;132.64;-2.11
02.09.2020;439.1;439.9;451;438.1;74.27;-0.18
01.09.2020;438.5;440.7;447.8;436.4;123.83;0.5
31.08.2020;446;438.5;449.9;435;147.34;-1.68
28.08.2020;455.3;446;458.3;443.8;158.77;-3.21
27.08.2020;435;460.8;462;433.1;287.07;5.45
26.08.2020;409.5;437;437.7;407.8;106.49;7.11
25.08.2020;414;408;416;407;103.14;-1.59
24.08.2020;414.2;414.6;419.1;411.8;77.61;1.32
21.08.2020;413.5;409.2;415.4;409;73.55;0.15
20.08.2020;414;408.6;414;404.6;56.79;-1.54
19.08.2020;406;415;415;404;78.29;2.14
18.08.2020;408;406.3;409.6;401.4;99.33;-0.42
17.08.2020;410.7;408;415;407.4;132.03;-0.66
14.08.2020;409.8;410.7;415.9;407;69.86;0
13.08.2020;418;410.7;419.9;410.7;127.96;-1.75
12.08.2020;416.6;418;420.4;410;95.42;0.34
11.08.2020;427.2;416.6;429.6;412.2;94.02;-2.07
10.08.2020;427;425.4;435;424.2;116.33;-0.37
07.08.2020;412;427;431.6;410.2;144.91;3.52
06.08.2020;411.5;412.5;417.6;407.6;97.38;0.61
05.08.2020;416.8;410;419.5;408.4;141.32;-1.8
04.08.2020;419;417.5;423;414.2;296.7;0.12
03.08.2020;400;417;418.8;399.4;280.09;3.73
31.07.2020;399.6;402;404.8;398.1;95.5;0.88
30.07.2020;406;398.5;410.8;397.9;253.78;-0.62
29.07.2020;393.5;401;403.6;391.2;229.15;1.47
28.07.2020;397.6;395.2;398;390.2;113.28;-1
27.07.2020;388;399.2;401.2;383.1;198.52;2.89
24.07.2020;382.1;388;388.8;379.2;165.73;0.13
23.07.2020;385.1;387.5;389.7;382.1;127.09;1.17
22.07.2020;381.3;383;386;375;114.42;0.52
21.07.2020;397;381;398;380;157.9;-3.08
20.07.2020;372;393.1;393.3;371.9;119.9;5.96
17.07.2020;369.4;371;371.6;366.2;81.24;0.73
16.07.2020;366;368.3;370.5;361.6;79.48;0.9
15.07.2020;357.4;365;379.2;357.4;207.99;3.14
14.07.2020;366.9;353.9;367.9;351.1;223.11;-4.22
13.07.2020;383;369.5;385.4;368.7;169.09;-2.76
10.07.2020;381.3;380;386;379;148.96;-1.53
09.07.2020;399.2;385.9;400.9;385.9;171.52;-3.31
08.07.2020;404.4;399.1;405.1;396.9;72.99;-1.31
07.07.2020;405;404.4;407.4;400.4;76.04;-0.15
06.07.2020;409.8;405;410.5;403.9;65.79;-0.25
03.07.2020;407;406;409.8;403.8;44.06;0.27
02.07.2020;404.9;404.9;408.6;400.9;86.67;0.42
01.07.2020;395.5;403.2;404.1;390;89.45;2.1
30.06.2020;400;394.9;405.2;393.8;117.11;-1.67
29.06.2020;394;401.6;402.9;390;116.98;1.59
26.06.2020;415;395.3;416.5;395;216.08;-4.19
25.06.2020;408;412.6;412.6;405;92.57;1.23
24.06.2020;410;407.6;412.9;405;78.43;0.89
23.06.2020;407.3;404;412;400.2;97.59;-0.76
22.06.2020;390;407.1;409;388;184.11;3.67
19.06.2020;373.4;392.7;393.9;373.3;332.12;1.39
18.06.2020;387.4;387.3;396.5;386.2;72.39;-0.03
17.06.2020;383.8;387.4;391.4;377.5;105.34;2.14
16.06.2020;377.8;379.3;385.5;375.4;58.05;1.66
15.06.2020;375;373.1;381.8;373;112.87;-1.63
12.06.2020;378.1;379.3;388.7;371.9;127.12;-1.71
11.06.2020;385.9;385.9;385.9;385.9;0;0
09.06.2020;372;385.9;385.9;352.2;145.55;4.07
08.06.2020;386.1;370.8;388.5;370.8;174.3;-5.07
05.06.2020;394.5;390.6;396;388.5;149.53;-0.51
04.06.2020;386.6;392.6;394.3;386;113.26;1.16
03.06.2020;390;388.1;398;386;107.45;-0.03
02.06.2020;396;388.2;397.4;385.5;188.16;-2.19
01.06.2020;405;396.9;407.7;394.7;84.29;-1.71
29.05.2020;411;403.8;412.9;393.1;340.29;1.2
28.05.2020;389.1;399;399.7;385.3;147.31;4.59
27.05.2020;413;381.5;413.5;381;279.25;-7.63
26.05.2020;400;413;417.7;398;176.36;3.9
25.05.2020;395.4;397.5;403.1;395.4;45.83;1.04
22.05.2020;390;393.4;396.9;388.8;88.36;0.2
21.05.2020;394.8;392.6;400.2;391.4;127.77;-0.61
20.05.2020;381.8;395;397.4;380.2;127.83;4.03
19.05.2020;388.1;379.7;389;377.7;94.28;-1.43
18.05.2020;375.4;385.2;385.2;371;93.02;3.8
15.05.2020;370.1;371.1;374.6;366.3;88.9;0.3
14.05.2020;377.1;370;378.6;364.2;126.88;-2.5
13.05.2020;371;379.5;379.6;370.4;103.97;1.8
12.05.2020;360.8;372.8;375.9;360.5;156.32;2.7
11.05.2020;358;363;363.6;354.1;85.44;2.28
08.05.2020;359.2;354.9;359.7;352.5;68.25;-0.2
07.05.2020;360;355.6;363.2;354.1;70.58;-1.22
06.05.2020;361.5;360;363.6;356.3;155.87;0.7
05.05.2020;360.3;357.5;361;351.2;73.24;-0.11
04.05.2020;351;357.9;365;348.6;88.17;0.08
30.04.2020;362.7;357.6;367.5;351.4;116.48;-1
29.04.2020;359.1;361.2;365.1;353.4;92.31;0.58
28.04.2020;368.3;359.1;372.4;358.3;119.76;-2.42
27.04.2020;367.5;368;374;366.1;121.31;1.27
24.04.2020;351.6;363.4;373.4;344;162.26;2.45
23.04.2020;343;354.7;354.7;342;106.1;2.22
22.04.2020;336;347;347;334;89.17;3.27
21.04.2020;342.6;336;344.2;336;63.53;-2.67
20.04.2020;339;345.2;346;335;76.24;1.68
17.04.2020;338.3;339.5;344.2;337;79.25;1.59
16.04.2020;342.8;334.2;344.6;332.7;140.71;-2.34
15.04.2020;343.7;342.2;344.9;338.3;195.27;0.06
14.04.2020;331;342;342.8;324.6;139.49;3.95
13.04.2020;329;329;329;329;0;0
10.04.2020;329;329;329;329;0;0
09.04.2020;331;329;333.9;319.7;225.58;6.51
08.04.2020;295;308.9;311.8;293;92.37;2.05
07.04.2020;329;302.7;331.6;302.7;178.86;-4.87
06.04.2020;305;318.2;318.7;304.3;124.34;7.14
03.04.2020;289;297;297.8;285.1;121.19;3.2
02.04.2020;282.1;287.8;287.8;276.5;81.68;2.02
01.04.2020;283.5;282.1;287.9;279;76.06;-2.42
31.03.2020;283;289.1;289.9;281.2;102.16;2.92
30.03.2020;280;280.9;280.9;273.2;77.69;0.68
27.03.2020;282.5;279;283.8;274.6;79.41;-0.75
26.03.2020;275.9;281.1;281.8;273.5;82.21;1.26
25.03.2020;284;277.6;287.7;272;107.09;0.36
24.03.2020;277.1;276.6;280.6;268.3;118.74;4.3
23.03.2020;257.1;265.2;272;250;115.84;-0.49
20.03.2020;281;266.5;283.3;256.4;252.87;-2.56
19.03.2020;258.3;273.5;273.5;256.5;136.16;5.88
18.03.2020;269.5;258.3;281.2;255.3;189.22;-3.83
17.03.2020;262;268.6;272.8;255.2;229.68;6.59
16.03.2020;235.9;252;272;222;234.59;3.32
13.03.2020;230;243.9;253;223.8;297.58;-9.77
12.03.2020;270.3;270.3;270.3;270.3;0;0
11.03.2020;270.3;270.3;270.3;270.3;0;0
10.03.2020;275;270.3;280;268;124.56;0.11
09.03.2020;266;270;284;259.5;191.21;-7.91
06.03.2020;294.6;293.2;294.9;283;104.89;-1.48
05.03.2020;303;297.6;305.5;294.2;90.58;0.68
04.03.2020;300.3;295.6;304.4;292.5;123.1;-3.34
03.03.2020;295;305.8;306.9;290.2;223.74;7.52
02.03.2020;287.9;284.4;298;272;191.86;2.12
28.02.2020;276;278.5;286;261.6;306.06;-4.79
27.02.2020;308;292.5;311;290.7;137.63;-4.97
26.02.2020;301.6;307.8;316.6;297;161.05;0.16
25.02.2020;316.2;307.3;321.7;305.3;191.58;-4.03
24.02.2020;327.6;320.2;330;319;129.25;-3.26
21.02.2020;328;331;334;326.6;67.15;0.76
20.02.2020;330.6;328.5;331.9;326.6;64.9;-0.7
19.02.2020;330;330.8;331.9;325.7;100.81;0.55
18.02.2020;325.4;329;330.8;323;37.47;0.92
17.02.2020;327.6;326;336;323.6;56.24;0
14.02.2020;319.3;326;326.8;317.5;128.44;2.29
13.02.2020;313.1;318.7;318.7;312.2;80.24;1.76
12.02.2020;311;313.2;315.8;308.4;73.26;0.87
11.02.2020;313;310.5;317;310.5;67.83;-0.06
10.02.2020;310.9;310.7;313.4;310;38.03;0.62
07.02.2020;313.3;308.8;316.8;307.4;72.86;-1.56
06.02.2020;309.5;313.7;314.5;305.7;103.05;1.85
05.02.2020;303;308;320.6;302.3;246.49;0.98
04.02.2020;293.5;305;305;290.3;200.23;3.92
03.02.2020;280.6;293.5;293.5;279.5;170.09;4.23
31.01.2020;278;281.6;281.6;274.5;155.04;1.33
30.01.2020;277;277.9;278.4;274;92.76;0.22
29.01.2020;277;277.3;277.9;274.2;110.01;0.36
28.01.2020;271.5;276.3;276.3;271.5;67.51;1.96
27.01.2020;277.1;271;279.3;268.3;71.64;-1.81
24.01.2020;273;276;277.5;271.2;90.52;0.73
23.01.2020;274;274;278.5;272.8;125.23;-0.58
22.01.2020;281.9;275.6;284;274.4;138.45;-1.15
21.01.2020;281.7;278.8;285.7;273.6;124.17;-0.96
20.01.2020;268.7;281.5;282.6;267.1;211.97;5.63
17.01.2020;253.8;266.5;268;243;711.8;-5.6
16.01.2020;282.5;282.3;286;279.2;70.1;-0.32
15.01.2020;289.4;283.2;289.6;282.7;74.96;-1.84
14.01.2020;290.5;288.5;291.8;286.2;77.96;-0.72
13.01.2020;287.8;290.6;290.6;284.2;60.28;1.96
10.01.2020;289.5;285;292.7;284.5;75.95;-1.25
09.01.2020;284;288.6;288.6;283;55.87;2.67
08.01.2020;283.5;281.1;283.8;277.3;62.98;-0.95
07.01.2020;287.1;283.8;288.4;282.9;60.53;-0.77
03.01.2020;287;286;289.8;281.1;69.37;-0.28
02.01.2020;282;286.8;286.8;281;47.7;2.61
31.12.2019;279.5;279.5;279.5;279.5;0;0
30.12.2019;277.2;279.5;282.7;277.1;44.87;0.65
27.12.2019;281;277.7;285;277.2;57.37;-0.82
24.12.2019;280;280;280;280;0;0
23.12.2019;272;280;280;270.2;78.55;3.67
20.12.2019;270;270.1;271.1;267.8;83.77;0.52
19.12.2019;268.5;268.7;272;266.2;86.81;0.22
18.12.2019;264.6;268.1;268.7;260.8;72.15;2.09
17.12.2019;257.7;262.6;264;253.8;58.9;2.42
16.12.2019;255;256.4;257.8;252.5;33.28;0.75
13.12.2019;258.7;254.5;260.7;253;47.75;-1.36
12.12.2019;255.4;258;258.8;252.4;55.64;1.98
11.12.2019;257;253;259.4;253;48.57;-1.59
10.12.2019;264;257.1;264;257;35.59;-2.58
09.12.2019;262.4;263.9;263.9;257.5;24.36;1
06.12.2019;261.5;261.3;264.3;258.1;35.19;-0.27
05.12.2019;261.5;262;262.7;260;41.74;0.65
04.12.2019;259.4;260.3;262.1;258;52.85;1.28
03.12.2019;258;257;261.9;256.9;54.3;-0.19
02.12.2019;264;257.5;264.9;253.8;88.83;-1.9
29.11.2019;269.2;262.5;269.2;261;64.61;-2.49
28.11.2019;268;269.2;269.2;266.8;16.14;0.3
27.11.2019;267.5;268.4;268.4;265.1;35.22;0.71
26.11.2019;266.8;266.5;268;263.8;109.39;0.19
25.11.2019;267;266;267.9;263.6;29.24;0
22.11.2019;265.9;266;268.9;261.7;55.83;0.99
21.11.2019;267;263.4;267.4;260;51.36;-1.35
20.11.2019;265.2;267;267;263.7;47.64;0.56
19.11.2019;266;265.5;267.5;263.5;34.91;-0.08
18.11.2019;264.9;265.7;265.7;263.2;32.09;1.22
15.11.2019;261.4;262.5;264.9;260.6;46.97;0.57
14.11.2019;266.2;261;266.4;258.6;66.59;-1.62
13.11.2019;260;265.3;266.8;260;70.58;2.04
12.11.2019;262.7;260;264;256.5;79.65;-0.31
08.11.2019;266;260.8;266;260.8;62.69;-2.5
07.11.2019;259.8;267.5;267.9;259.5;72.21;3.08
06.11.2019;256;259.5;259.5;253.2;45.21;1.68
05.11.2019;258.5;255.2;259.8;254;55.04;-1.2
04.11.2019;256.8;258.3;258.7;253.9;67.39;2.46
31.10.2019;254.3;252.1;257;250.3;49.81;-0.87
30.10.2019;245.1;254.3;254.3;245.1;81.04;3.37
29.10.2019;245;246;248.3;244.6;58.52;0.45
28.10.2019;242.5;244.9;244.9;242.4;16.37;1.03
25.10.2019;241.9;242.4;244.5;240.5;32.73;0.21
24.10.2019;237;241.9;243.6;235.6;63.6;2.76
23.10.2019;234.8;235.4;236.5;233.3;23.07;0.34
22.10.2019;233;234.6;237;231.1;40.94;0.69
21.10.2019;237.5;233;238.6;232;23.24;-0.85
18.10.2019;235;235;238.4;232.7;24.65;0.13
17.10.2019;240.6;234.7;242.3;234.7;54.77;-2.61
16.10.2019;246.9;241;246.9;240.8;32.82;-2.35
15.10.2019;244;246.8;248.3;243.1;37.14;1.56
14.10.2019;238.2;243;243;234;32.95;2.53
11.10.2019;232.9;237;237.6;232;39.25;2.82
10.10.2019;239;230.5;239.5;230;55.08;-3.23
09.10.2019;235;238.2;238.6;233.3;26.42;2.14
08.10.2019;237.8;233.2;237.9;231;49.41;-1.19
07.10.2019;239.8;236;240.9;236;30.98;-1.13
04.10.2019;239.5;238.7;244;236.6;37.52;-0.13
03.10.2019;233;239;240.7;233;34.69;2.01
02.10.2019;240.1;234.3;240.2;234;51.17;-2.7
01.10.2019;244.1;240.8;245;237.9;81.85;-1.07
30.09.2019;245.6;243.4;245.6;242;30.37;-0.69
27.09.2019;247.3;245.1;247.9;244.4;16.17;-1.17
26.09.2019;245;248;248.2;245;21.71;1.27
25.09.2019;249;244.9;249;241.1;34.55;-1.45
24.09.2019;243.7;248.5;248.5;242.3;49.71;2.1
23.09.2019;244.1;243.4;247;236.4;52.59;-0.29
20.09.2019;246;244.1;247.1;240.8;105.57;-0.29
19.09.2019;245.5;244.8;247.8;243.8;34.23;-0.24
18.09.2019;249.8;245.4;250.2;244.5;68.23;-1.84
17.09.2019;250.2;250;250.7;248.5;36.87;-0.24
16.09.2019;248.5;250.6;253.6;247.3;65.04;0.76
13.09.2019;251;248.7;253;248;42.24;-0.92
12.09.2019;254;251;254.7;249;43.72;-0.4
11.09.2019;250;252;253.9;249.5;59.26;1.2
10.09.2019;260;249;260.9;247.5;104.05;-4.23
09.09.2019;256.8;260;261.7;256.5;76.55;1.76
06.09.2019;253.3;255.5;255.7;251;51.4;1.43
05.09.2019;253;251.9;254.8;250.8;55.62;0.24
04.09.2019;250.5;251.3;254.2;250.2;72.38;0.52
02.09.2019;253;250;253.9;247.6;47.86;-1.19
30.08.2019;250;253;259.8;249.2;206.15;1.93
29.08.2019;242;248.2;248.2;241;81;2.31
28.08.2019;245.7;242.6;246.6;239.8;62.33;-1.06
27.08.2019;241;245.2;246.9;240.4;140.6;1.7
26.08.2019;236;241.1;241.5;234.8;43.91;0.29
23.08.2019;240;240.4;241.5;235.9;49.15;0.42
22.08.2019;238;239.4;240.9;234.2;96.01;0.59
21.08.2019;233.2;238;238.1;233.2;45.1;1.62
20.08.2019;236;234.2;237.9;229;66.4;-0.76
19.08.2019;231.3;236;238.8;231.2;88.37;2.03
16.08.2019;220.3;231.3;232.8;217.8;106.67;4.99
14.08.2019;223.4;220.3;225;219.7;82.3;-1.65
13.08.2019;220;224;225.2;220;72.34;1.82
12.08.2019;219.7;220;223.9;217.7;29.17;0.73
09.08.2019;220.1;218.4;221.8;217.5;51.64;0.23
08.08.2019;218.3;217.9;220.4;216.5;41.5;1.35
07.08.2019;220.3;215;221.7;213.3;65.44;-1.33
06.08.2019;211.7;217.9;222;211.6;70.18;2.93
05.08.2019;225;211.7;226;211.7;79.06;-6.12
02.08.2019;228;225.5;229.9;225.2;45.72;-1.96
01.08.2019;229.8;230;232.1;227.3;62.81;0
31.07.2019;225.7;230;231.1;224.6;106.56;1.81
30.07.2019;223.3;225.9;225.9;222.3;24.87;1.35
29.07.2019;225;222.9;226.2;222.3;17.32;-0.58
26.07.2019;222;224.2;225.4;219.3;43.75;1.13
25.07.2019;226.8;221.7;227.4;221.2;64.93;-2.16
24.07.2019;224.5;226.6;226.9;224;50.74;0.94
23.07.2019;225;224.5;226;222.6;34.74;-0.18
22.07.2019;223;224.9;226.4;222.9;36.11;0.85
19.07.2019;220.6;223;225.9;220.1;93.72;1.55
18.07.2019;218;219.6;221;217.3;37.38;0.14
17.07.2019;218;219.3;222.2;217;50.49;0.69
16.07.2019;218.1;217.8;219;217.1;18.78;-0.09
15.07.2019;217.2;218;219;216.5;18.99;0.37
12.07.2019;217.5;217.2;219.6;216.5;48.45;-0.09
11.07.2019;216.6;217.4;217.4;215;65.49;0.69
10.07.2019;212.9;215.9;217;212.6;35.95;1.6
09.07.2019;215.3;212.5;216.1;212.1;49.89;-2.07
08.07.2019;215.7;217;217.4;214;67.13;0.05
05.07.2019;213.5;216.9;217.4;213;38.15;1.59
04.07.2019;215;213.5;215.6;211.5;23.98;-1.07
03.07.2019;214;215.8;215.8;212.2;29.19;0.37
02.07.2019;216.4;215;216.4;209.7;59.47;-0.74
01.07.2019;218.3;216.6;218.6;210.7;67.55;0.6
28.06.2019;214.9;215.3;218.6;214.3;158.52;0.56
27.06.2019;208.5;214.1;214.4;207.2;84.72;2.69
26.06.2019;202.8;208.5;208.5;202.5;62.23;3.01
25.06.2019;204;202.4;205.2;201.8;104.26;0.55
24.06.2019;204.9;201.3;206.5;201.3;78.63;-0.64
21.06.2019;207.5;202.6;208.3;202.1;141.38;-2.41
19.06.2019;206;207.6;208.4;205;52.41;1.52
18.06.2019;204;204.5;208.2;200.6;83.09;0.25
17.06.2019;208.5;204;209.9;203.5;52.2;-2.16
14.06.2019;207;208.5;209.3;206.4;94.14;0.92
13.06.2019;209;206.6;215.8;205;141.82;-1.76
12.06.2019;222.5;210.3;222.9;210.2;130.4;-5.06
11.06.2019;229.1;221.5;229.6;220.2;130.89;-3.06
10.06.2019;232.1;228.5;233;220;202.25;4.1
07.06.2019;213;219.5;219.6;212.9;59.07;3.54
06.06.2019;210.7;212;212.6;207.8;42.95;1.05
05.06.2019;209;209.8;211.5;207.7;40.35;1.35
04.06.2019;203;207;207;197.4;95.68;1.97
03.06.2019;208.7;203;209.6;203;74.67;-2.31
31.05.2019;211;207.8;213.2;206.4;88.12;-3.03
30.05.2019;209;214.3;214.7;204.6;53.74;2.19
29.05.2019;215;209.7;215.1;206.1;90.49;-1.92
28.05.2019;216;213.8;220.6;213.8;153.74;-1.2
27.05.2019;219;216.4;222;215.7;35.56;-0.92
24.05.2019;213.7;218.4;224.9;212.3;156.43;6.02
23.05.2019;204;206;209.5;204;54.37;1.33
22.05.2019;206;203.3;208.4;202.4;93.5;-0.97
21.05.2019;206.5;205.3;208.7;202.1;42.54;-0.48
20.05.2019;210.4;206.3;211.4;202.8;45.44;-2.27
17.05.2019;212.6;211.1;212.8;208.1;32.28;-0.66
16.05.2019;209.2;212.5;213.4;209.2;58.29;1.53
15.05.2019;211.7;209.3;212.5;207.6;31.31;-0.05
14.05.2019;208;209.4;211.4;206.3;41.45;1.26
13.05.2019;212.1;206.8;213.1;205.3;60.1;-2.5
10.05.2019;215.7;212.1;216;211.3;31.64;-1.03
09.05.2019;215.5;214.3;219.5;213.2;46.24;-0.33
08.05.2019;210.6;215;215.3;210.6;42.44;2.33
07.05.2019;211;210.1;215.9;210;42.44;0.14
06.05.2019;210.3;209.8;211.8;208.1;25.98;-1.41
02.05.2019;215;212.8;216.7;210.4;41.67;-0.98
30.04.2019;212;214.9;214.9;210;43.67;1.13
29.04.2019;212.5;212.5;213.4;210.3;22.37;0.43
26.04.2019;208.4;211.6;212;208.4;24.26;0.81
25.04.2019;211.6;209.9;212.5;207.1;38.79;-0.62
24.04.2019;209.5;211.2;212.4;206.5;48.71;2.03
23.04.2019;203;207;207.5;203;41.23;2.48
22.04.2019;202;202;202;202;0;0
19.04.2019;202;202;202;202;0;0
18.04.2019;201;202;203;196.1;46.54;0.5
17.04.2019;207.5;201;207.5;200.3;84.7;-3.23
16.04.2019;213;207.7;214.3;206.9;31.83;-2.26
15.04.2019;209;212.5;213.3;209;31.3;1.92
12.04.2019;214.8;208.5;214.8;208.5;47.16;-2.25
11.04.2019;209.2;213.3;214;208.7;66.43;2.6
10.04.2019;203.3;207.9;207.9;203.3;63.05;2.26
09.04.2019;205.7;203.3;205.9;202.8;44.67;-0.44
08.04.2019;205.2;204.2;208.4;202.5;71;0.1
05.04.2019;207;204;207.9;200.6;74.21;-1.45
04.04.2019;220;207;220.5;204.6;141.76;-5.87
03.04.2019;215;219.9;219.9;214.5;95.93;3.39
02.04.2019;205;212.7;213;205;68.72;4.26
01.04.2019;201;204;209.3;199.5;87.43;2
29.03.2019;202;200;204.6;196.1;76.18;-0.6
28.03.2019;197;201.2;202.4;194.3;71.85;2.71
27.03.2019;186.3;195.9;200;183.8;140.85;5.44
26.03.2019;185.5;185.8;186.3;183.1;20.04;0.7
25.03.2019;184.8;184.5;187.7;183.3;35.55;-0.75
22.03.2019;187.1;185.9;188.7;184.9;25.98;0.32
21.03.2019;186.2;185.3;186.9;182.6;30.34;-0.43
20.03.2019;190.8;186.1;190.8;185.7;30.52;-1.17
19.03.2019;187.4;188.3;190.3;185.6;25.69;-0.05
18.03.2019;186.1;188.4;189.5;184;35.84;1.24
15.03.2019;183.1;186.1;187;182.8;70.2;1.36
14.03.2019;184.1;183.6;184.7;182.4;29.92;-0.22
13.03.2019;180;184;184.1;178.1;44.61;2.28
12.03.2019;184.1;179.9;185.1;176.5;49.03;-1.1
11.03.2019;182;181.9;184.3;181.6;40.97;-0.6
08.03.2019;185.3;183;187;182.6;27.96;-1.29
07.03.2019;188;185.4;189;185;24.53;-1.38
06.03.2019;188.9;188;189.3;186.9;30.34;0.21
05.03.2019;188.6;187.6;190;187.1;13.84;-0.95
04.03.2019;192;189.4;193.7;187.7;28.3;-1.87
01.03.2019;192;193;193;189.6;25.13;1.53
28.02.2019;190;190.1;195;189.2;57.05;0.32
27.02.2019;184.9;189.5;190.3;182.4;61.11;2.05
26.02.2019;182;185.7;185.8;179.8;35.94;2.03
25.02.2019;178.3;182;182.8;178.3;24.14;2.08
22.02.2019;179.2;178.3;181.2;177.3;40.48;-0.94
21.02.2019;182.5;180;182.5;178;40.14;-1.42
20.02.2019;177.5;182.6;182.6;175.8;37.37;2.82
19.02.2019;181;177.6;183.5;175;34.85;-1.88
18.02.2019;184;181;184.9;180.5;32.1;-0.82
15.02.2019;177.6;182.5;183;176.3;38.02;2.41
14.02.2019;177.1;178.2;179.8;175.6;22.53;0.62
13.02.2019;179;177.1;181.2;173.4;50.84;0
12.02.2019;185;177.1;185.8;174.1;59.88;-3.59
11.02.2019;180.4;183.7;185;179.5;48.12;3.03
08.02.2019;177.4;178.3;182.3;176.6;61.08;0.17
07.02.2019;181.4;178;183.3;176.8;64.23;-2.47
06.02.2019;191;182.5;191;181.1;93.74;-4.75
05.02.2019;191.5;191.6;193;189;28.58;0.47
04.02.2019;190;190.7;191;187.4;34.2;0.37
01.02.2019;190;190;192.1;188.1;41.41;0
31.01.2019;198;190;199;190;85.33;-2.61
30.01.2019;192;195.1;197.7;191;59.38;2.63
29.01.2019;187.6;190.1;192.6;185.7;42.38;1.33
28.01.2019;187.9;187.6;192.2;185.2;45.43;-1.16
25.01.2019;191;189.8;194.4;187.8;68.49;-0.11
24.01.2019;194.8;190;201.4;186;148.91;-2.36
23.01.2019;177.5;194.6;198.4;176;232.21;11.77
22.01.2019;172.7;174.1;176.4;172.3;25.81;0.75
21.01.2019;173.8;172.8;173.8;170.7;21.02;-0.63
18.01.2019;173;173.9;175;170.5;52.15;1.64
17.01.2019;165;171.1;172;164.6;62.76;2.7
16.01.2019;164;166.6;166.6;163.5;24.75;2.65
15.01.2019;161.2;162.3;164;159;50.41;1.76
14.01.2019;164;159.5;164;158.8;42.07;-3.39
11.01.2019;173;165.1;177.1;164;82.38;-3.45
10.01.2019;164.5;171;172.2;160.1;116.09;3.64
09.01.2019;154.1;165;165;154;76.97;7.42
08.01.2019;154.5;153.6;156.7;152;42.91;-0.07
07.01.2019;152;153.7;154.6;151.5;28.78;1.99
04.01.2019;148;150.7;150.8;148;24.56;1.82
03.01.2019;150.8;148;150.8;147;33.26;-1.99
02.01.2019;145.4;151;151.3;142.1;29.07;3.71
31.12.2018;145.6;145.6;145.6;145.6;0;0
28.12.2018;145;145.6;146.9;143.2;41.27;-1.29
27.12.2018;156;147.5;157;146.6;35.8;-2.32
24.12.2018;151;151;151;151;0;0
21.12.2018;150.1;151;156.8;149;98.58;0.8
20.12.2018;149.3;149.8;152.8;148.4;57.14;-2.09
19.12.2018;142.8;153;153;141.2;58.95;7.29
18.12.2018;138.1;142.6;143.4;135.4;39.74;2.59
17.12.2018;144.2;139;144.4;139;28.98;-3.2
14.12.2018;142;143.6;146.3;141.3;24.9;-0.28
13.12.2018;143.8;144;145.2;140.6;27.67;1.55
12.12.2018;142.7;141.8;143.9;140;29.41;1
11.12.2018;141.7;140.4;143.8;140.1;29.19;0.14
10.12.2018;142.2;140.2;145.6;140.2;27.66;-2.64
07.12.2018;145;144;149.7;143.7;37.24;0.21
06.12.2018;146;143.7;147.2;142.8;33.24;-3.17
05.12.2018;150;148.4;150.8;145.1;64.49;-3.7
04.12.2018;154.3;154.1;154.7;150.1;64.79;0.06
03.12.2018;148.8;154;156.6;148.6;113.93;8.3
30.11.2018;141.7;142.2;142.4;135;47.67;0.85
29.11.2018;140;141;144;139.2;35.06;2.17
28.11.2018;136.1;138;139.5;134.6;45.16;2.37
27.11.2018;139.7;134.8;139.7;132.6;33.29;-2.95
26.11.2018;142;138.9;143.9;135.2;38.25;-0.93
23.11.2018;140.8;140.2;141.5;135.5;29.96;0.86
22.11.2018;139.1;139;140.4;132.3;40.27;1.09
21.11.2018;131;137.5;137.6;130.3;60.33;6.59
20.11.2018;131.2;129;135;124.3;113.67;-3.73
19.11.2018;132.4;134;137.2;130.1;59.85;1.21
16.11.2018;141.2;132.4;145;128.9;98.18;-4.06
15.11.2018;145.7;138;148.8;138;50.22;-5.8
14.11.2018;139;146.5;149.9;138.9;50.35;0
13.11.2018;149;146.5;151.4;143.5;77.95;-2.2
12.11.2018;149.8;149.8;149.8;149.8;0;0
09.11.2018;156.1;149.8;156.5;148;95.16;-3.97
08.11.2018;165.8;156;170.4;155.6;59.55;-5.57
07.11.2018;164.2;165.2;166.2;162.3;30.32;1.16
06.11.2018;163.5;163.3;166.8;158.2;39.55;0.74
05.11.2018;164;162.1;168.4;160.5;48.99;-1.34
02.11.2018;165;164.3;169.8;162.1;110.23;3.79
31.10.2018;154.6;158.3;160.5;154.6;92.24;3.87
30.10.2018;147.7;152.4;153;145.1;72.91;2.83
29.10.2018;144.1;148.2;153.5;143.5;57.17;-1.85
25.10.2018;138;151;151.1;135;90.94;5.37
24.10.2018;144.8;143.3;150;143.3;41.91;-0.69
23.10.2018;154.6;144.3;154.6;142.2;131.54;-8.09
22.10.2018;159;157;159;155;20.46;0
19.10.2018;158;157;159.6;153.2;39.13;1.29
18.10.2018;165.1;155;165.1;154.2;77.22;-5.78
17.10.2018;167;164.5;168.8;161.4;46.13;-0.3
16.10.2018;159.5;165;165;158.6;36.93;4.04
15.10.2018;166.9;158.6;167;156.7;35.03;-2.7
12.10.2018;155.8;163;163.2;154.5;72.25;7.24
11.10.2018;149.7;152;154.5;146.7;98.98;-2.25
10.10.2018;165.2;155.5;166;149.5;90.74;-5.18
09.10.2018;162.1;164;166.9;156.8;92.81;0.55
08.10.2018;180.1;163.1;180.1;163.1;89.88;-10.53
05.10.2018;181.5;182.3;184.5;175;58.42;1.11
04.10.2018;192;180.3;193.2;180.1;58.28;-6.58
03.10.2018;190.2;193;194.4;188.6;45.1;1.58
02.10.2018;190.7;190;191.5;186.5;32.36;-1.5
01.10.2018;188.9;192.9;192.9;187.3;28.22;2.99
28.09.2018;194;187.3;194.9;184.8;47.82;-2.65
27.09.2018;186.4;192.4;192.5;185.1;48.01;2.83
26.09.2018;188.2;187.1;188.2;184.1;21.32;0.16
25.09.2018;187.4;186.8;188;183.5;28.42;-0.32
24.09.2018;196.2;187.4;197.8;184;48.98;-3.25
21.09.2018;191;193.7;199.7;190;375.11;2.11
20.09.2018;192;189.7;192.4;187;68.35;-0.11
19.09.2018;192;189.9;195.4;189.6;48.46;0.21
18.09.2018;181.6;189.5;191.4;180.3;53.68;4.58
17.09.2018;182;181.2;185;180.2;25.74;-0.44
14.09.2018;182.4;182;183.4;179.1;25.01;1
13.09.2018;178;180.2;182.8;177.1;32.99;1.12
12.09.2018;184.8;178.2;186;177.3;46.27;-2.41
11.09.2018;182.9;182.6;187.1;180.3;50.44;1.61
10.09.2018;171;179.7;181;167.8;67.53;3.57
07.09.2018;184;173.5;189.1;173;85.51;-4.88
06.09.2018;182.6;182.4;188.6;181;66.23;-1.25
05.09.2018;194;184.7;196;183.9;73.04;-5.04
04.09.2018;203;194.5;203.8;193;60.52;-3.62
03.09.2018;206.4;201.8;208.8;197.9;50.28;-2.04
31.08.2018;208.8;206;209;203.4;62.78;-2.09
30.08.2018;219.4;210.4;219.4;210.4;58.71;-4.28
29.08.2018;217.2;219.8;220;217;39.69;0.27
28.08.2018;220;219.2;222.4;216;94.01;3.4
27.08.2018;207.2;212;214;207.2;49.15;2.71
24.08.2018;210;206.4;210;204.6;24.62;-1.24
23.08.2018;207.2;209;209.2;203.8;23.4;1.36
22.08.2018;210.4;206.2;211.8;205;35.27;-3.19
21.08.2018;212;213;214.6;210.2;32.17;1.43
20.08.2018;205.2;210;211;203.4;22.51;3.35
17.08.2018;208;203.2;209;203.2;30.78;-1.65
16.08.2018;209.2;206.6;212.2;206.4;34.29;-3
14.08.2018;212;213;214.8;206.2;33.38;1.14
13.08.2018;201;210.6;211.6;199.3;44.44;3.74
10.08.2018;212.6;203;214;203;40.57;-5.32
09.08.2018;214.8;214.4;214.8;210;23.29;-0.19
08.08.2018;208;214.8;215.2;206.8;71.9;4.47
07.08.2018;200.2;205.6;207.2;199.5;37.08;3.47
06.08.2018;199.8;198.7;201;197.3;12.74;0.86
03.08.2018;197.3;197;203.2;197;30.98;0.82
02.08.2018;203.2;195.4;204.8;195.4;36.6;-4.68
01.08.2018;194.8;205;205.2;185.2;83.08;3.8
31.07.2018;214.4;197.5;214.4;195.5;108.41;-7.97
30.07.2018;217;214.6;221;213.8;50.05;-1.38
27.07.2018;215.4;217.6;218;211.6;46.56;1.49
26.07.2018;210.8;214.4;216.6;210.2;50.22;2
25.07.2018;207.4;210.2;212;206;41.89;1.06
24.07.2018;206;208;208.8;205.2;42.86;2.16
23.07.2018;207;203.6;208.4;202.8;34.48;-0.49
20.07.2018;199;204.6;205.4;197.1;54.47;0.79
19.07.2018;209.6;203;209.6;192.7;106.39;-3.24
18.07.2018;200.8;209.8;211.2;199.5;109.34;4.27
17.07.2018;195;201.2;201.8;194.1;110.51;1.93
16.07.2018;193;197.4;197.4;190.8;65.08;2.81
13.07.2018;183;192;192;183;65.41;3.9
12.07.2018;180.5;184.8;184.8;178.5;49.61;3.47
11.07.2018;178;178.6;180.5;176.3;63.69;0.34
10.07.2018;177;178;188.5;176;98.72;1.25
09.07.2018;176.7;175.8;181.1;175.6;29.29;-0.51
06.07.2018;179;176.7;180;175.9;51.62;-1.28
05.07.2018;167.5;179;180.9;167.4;92.26;7.06
04.07.2018;163;167.2;167.6;162.5;27.93;2.7
03.07.2018;162;162.8;163.7;160.7;11.33;1.06
02.07.2018;159.7;161.1;164.8;159.2;22.54;-0.43
29.06.2018;157.2;161.8;162.2;157.1;39.91;2.73
28.06.2018;164.5;157.5;164.9;154.8;73.57;-4.49
27.06.2018;164.8;164.9;165.9;164;34.92;-0.48
26.06.2018;163.8;165.7;167.3;163.1;33.01;-0.06
25.06.2018;167;165.8;168.3;165.5;18.44;-0.3
22.06.2018;165;166.3;168.5;162.7;30.53;1.34
21.06.2018;166.8;164.1;167.2;161.3;41.24;-1.03
20.06.2018;165.5;165.8;168.8;165.3;36.5;0.36
19.06.2018;169.4;165.2;169.7;163.1;67.13;-3.95
18.06.2018;169.1;172;172.4;163.8;62.5;2.38
15.06.2018;166;168;172.5;162.7;128.64;2
14.06.2018;155.3;164.7;167;153.5;90.4;6.05
13.06.2018;157;155.3;158.6;151.2;141.71;3.4
12.06.2018;144.2;150.2;153.8;144.1;82.35;4.45
11.06.2018;159.8;143.8;159.8;140.4;109.3;-4.26
08.06.2018;154;150.2;154;150;36.89;-1.83
07.06.2018;153;153;155.7;149.1;43.24;0.26
06.06.2018;158.9;152.6;159.7;151.5;43.1;-2.8
05.06.2018;158.5;157;158.9;154.4;39.43;5.02
01.06.2018;147.2;149.5;149.5;146;40.97;1.56
30.05.2018;143;147.2;147.3;142.5;60.5;2.44
29.05.2018;145.4;143.7;145.4;141.1;22.83;-0.9
28.05.2018;145;145;145.8;143.9;22.19;0.21
25.05.2018;145.9;144.7;145.9;143.9;21.84;0
24.05.2018;144.5;144.7;145.8;143.1;28.44;0.07
23.05.2018;147;144.6;147;142.1;19.92;-1.3
22.05.2018;147.9;146.5;148.5;144.3;42.36;-0.34
21.05.2018;142;147;148;141;58.6;5
18.05.2018;139.9;140;143.5;139;21.72;0.72
17.05.2018;145;139;148.9;138.5;69.84;-4.14
16.05.2018;140.8;145;145.3;139.6;32.62;3.72
15.05.2018;135.5;139.8;141.7;135.5;53.51;0.58
14.05.2018;145.5;139;148;138;95.57;-4.14
11.05.2018;144.9;145;146;141.5;41.3;0.07
10.05.2018;146;144.9;146.9;143;47.43;0
09.05.2018;137.5;144.9;147.8;137.5;123.81;5.77
08.05.2018;129;137;137;128.9;102.57;7.03
07.05.2018;126.4;128;129;125.3;19.92;2.48
04.05.2018;125;124.9;126.5;124.2;36.16;0.08
02.05.2018;124.8;124.8;129.8;123;52.71;0
30.04.2018;116.2;124.8;126.6;116.2;40;7.59
27.04.2018;117;116;117.4;115.7;17.36;0.35
26.04.2018;116;115.6;117.7;115.5;19;-0.09
25.04.2018;118.2;115.7;119.7;115.4;25.87;-2.12
24.04.2018;120;118.2;121;118.2;25.18;-1.66
23.04.2018;119.9;120.2;121.4;119.2;15.56;0.59
20.04.2018;119;119.5;121.2;118.6;10.72;-0.33
19.04.2018;121.5;119.9;122;119.7;15.4;-1.32
18.04.2018;120;121.5;122.3;119.8;20.19;1.25
17.04.2018;119;120;120.9;117.2;24.52;0.59
16.04.2018;122.1;119.3;123.5;118.6;30.72;-2.29
13.04.2018;124;122.1;125.8;122.1;15.1;-1.29
12.04.2018;124.2;123.7;126.8;122.6;32.06;-0.8
11.04.2018;125;124.7;127.4;122.3;36.76;-0.24
10.04.2018;123.7;125;125;120.4;32.64;1.38
09.04.2018;120;123.3;126;118.6;53.56;2.41
06.04.2018;115.5;120.4;121.1;115.5;75.62;4.79
05.04.2018;112;114.9;116.8;111.9;46.65;3.05
04.04.2018;109.7;111.5;111.6;108.8;31.22;1.73
03.04.2018;108.9;109.6;110.3;107.7;24.8;0.18
29.03.2018;110.3;109.4;111;108.7;15.5;0.18
28.03.2018;111;109.2;112;108.6;19.57;-3.28
27.03.2018;110.7;112.9;115.2;110.5;24.35;3.58
26.03.2018;111.5;109;111.5;108.6;15.59;-1.8
23.03.2018;109.3;111;111.3;107.3;25.24;-0.89
22.03.2018;113.5;112;116;108.6;39.37;-0.8
21.03.2018;110.5;112.9;113.2;109;29.86;2.82
20.03.2018;110.3;109.8;110.3;108.2;23.25;0.46
19.03.2018;110.4;109.3;112;108;22.58;0.09
16.03.2018;113;109.2;113;107.1;103.81;-3.79
15.03.2018;114.5;113.5;114.6;113.2;28.43;-0.96
14.03.2018;114.3;114.6;114.6;112.1;19.98;0.26
13.03.2018;115;114.3;115.5;112.8;30.5;-0.17
12.03.2018;109.8;114.5;114.9;108.8;33.62;4.57
09.03.2018;108.2;109.5;110.5;106.2;36.26;1.2
08.03.2018;110.5;108.2;111.4;108.2;14.97;-1.46
07.03.2018;103.7;109.8;109.8;99.65;35.66;5.98
06.03.2018;106;103.6;106.8;102.2;15.59;-2.26
05.03.2018;106;106;106.5;104.5;13.41;0.09
02.03.2018;104.7;105.9;106.8;103.9;13.34;1.05
01.03.2018;105.8;104.8;106.5;103.3;15.38;-2.06
28.02.2018;107;107;108.2;103.7;28.05;-0.56
27.02.2018;107;107.6;107.6;105.2;9.17;0.65
26.02.2018;109.7;106.9;109.8;106.1;10.39;-1.57
23.02.2018;109.7;108.6;110;107.3;8.87;-1
22.02.2018;109.5;109.7;109.7;107.9;12.22;0.18
21.02.2018;108.6;109.5;109.8;107.8;6.03;0.46
20.02.2018;109;109;109.4;106.9;4.16;0
19.02.2018;110.7;109;110.9;108.5;6.84;-1.62
16.02.2018;109.5;110.8;111.7;109.5;18.09;1.74
15.02.2018;111;108.9;111.2;108.9;24.32;0
14.02.2018;109.3;108.9;111.3;107.7;30.73;-0.18
13.02.2018;107.7;109.1;110.2;107.1;27.99;2.25
12.02.2018;109.2;106.7;109.3;106.3;19.68;0.47
09.02.2018;109.2;106.2;110.9;106.2;39.16;-4.32
08.02.2018;113;111;114.6;109.6;28.25;-0.27
07.02.2018;109.9;111.3;111.3;108.2;32.42;5
06.02.2018;102.6;106;107.6;101.8;58.69;-3.2
05.02.2018;111;109.5;112.3;108.5;21.69;-3.44
02.02.2018;114.1;113.4;114.7;112.7;18.62;-1.39
01.02.2018;116.1;115;117.4;113.6;13.14;-0.86
31.01.2018;114;116;118.7;113.3;37.39;1.75
30.01.2018;115;114;115;112.6;8.98;-1.55
29.01.2018;115;115.8;115.8;112.6;11.24;0.87
26.01.2018;111.1;114.8;116.6;111.1;14.34;2.5
25.01.2018;116;112;116.4;112;23.59;-3.86
24.01.2018;117;116.5;118.8;114.2;30.06;-1.52
23.01.2018;118.7;118.3;120.6;116.1;30.62;-0.84
22.01.2018;121.9;119.3;121.9;118.1;24.15;-1.65
19.01.2018;120;121.3;121.4;117;39.83;1.34
18.01.2018;121;119.7;123.4;116;77.04;0.59
17.01.2018;112;119;119;111.5;89.8;7.11
16.01.2018;107;111.1;112.1;106.5;42.95;5.01
15.01.2018;108.5;105.8;109.4;105.7;14.11;-1.12
12.01.2018;105;107;108.4;104.3;38.89;2.69
11.01.2018;99;104.2;106.8;98.3;46.03;6.16
10.01.2018;99.9;98.15;99.9;97.75;10.07;-1.85
09.01.2018;100.7;100;100.8;99.2;12.27;-0.7
08.01.2018;99.4;100.7;101.1;98.35;28.39;1.72
05.01.2018;99;99;99.4;97.75;11.91;1.02
04.01.2018;99;98;99.75;97.25;18.97;0
03.01.2018;97.7;98;100;97.7;20.98;1.03
29.12.2017;96.6;97;99.47;96.43;42.57;-2.02
28.12.2017;103;99;103;98.56;30.42;-2.94
27.12.2017;100.3;102;102;99.8;25.35;1.85
22.12.2017;100.1;100.15;101.2;98.95;18.15;-0.2
21.12.2017;99.45;100.35;100.45;96.4;31.1;0.8
20.12.2017;100;99.55;101.8;99;19.87;-0.35
19.12.2017;95.97;99.9;100.3;95.6;32.66;4.12
18.12.2017;97;95.95;98.45;94.21;16.94;-0.57
15.12.2017;95.55;96.5;97.22;93.74;31.09;1.21
14.12.2017;98;95.35;99.3;93.72;27.15;-1.79
13.12.2017;92;97.09;99.6;91.94;80.44;5.91
12.12.2017;89;91.67;91.67;88.1;38.35;2.42
11.12.2017;94;89.5;94.76;89.1;65.71;-4.79
08.12.2017;96.8;94;97.92;93.2;38.34;-2
07.12.2017;97.16;95.92;98.79;95.32;19.77;-2.11
06.12.2017;100;97.99;100.3;94.66;80.7;-1.58
05.12.2017;95.63;99.56;99.99;95.16;57.75;3.33
04.12.2017;95;96.35;97.26;91.21;65.41;-0.46
01.12.2017;102.4;96.8;103.5;92.16;106.8;-4.63
30.11.2017;97;101.5;103.15;95.22;649.32;3.57
29.11.2017;104.1;98;105.95;98;104.68;-6.22
28.11.2017;108;104.5;109.1;104.5;63.5;-2.43
27.11.2017;105;107.1;108.3;105;104.34;2
24.11.2017;105.4;105;107.5;104.8;26.91;0.19
23.11.2017;105.15;104.8;108.2;103.15;48.88;-1.13
22.11.2017;99;106;109.9;96;130.45;-5.74
21.11.2017;115.5;112.45;115.6;110.25;61.49;-0.93
20.11.2017;112;113.5;115.8;111.4;51.9;1.98
17.11.2017;111.2;111.3;113.15;108.75;42.4;1.18
16.11.2017;111;110;112.4;108.5;46.13;2.8
15.11.2017;106.75;107;109;103.2;57.27;-0.37
14.11.2017;117;107.4;117.35;98.01;181.91;-6.41
13.11.2017;124;114.75;124;111.6;111.92;-8.13
10.11.2017;125.2;124.9;127;123.6;19.25;-0.24
09.11.2017;126.25;125.2;128;125.2;32.28;-0.83
08.11.2017;124.9;126.25;128;124.55;66.1;1.41
07.11.2017;121.3;124.5;125;120.5;33.89;2.89
06.11.2017;119.2;121;121.9;118.5;14.65;1.51
03.11.2017;120.3;119.2;121.5;119.2;20.11;-0.67
02.11.2017;121.45;120;121.45;118.7;29.54;-0.5
31.10.2017;118.55;120.6;121;118.1;51.68;2.25
30.10.2017;118.5;117.95;119;117.15;19.38;-0.46
27.10.2017;118.3;118.5;120.5;117.55;32.35;0.59
26.10.2017;114;117.8;119.35;113.85;46.65;3.51
25.10.2017;113;113.8;114;113;23.12;0.35
24.10.2017;114;113.4;114;112.3;28.98;0.09
23.10.2017;112.5;113.3;114;112.5;17.03;0.71
20.10.2017;113;112.5;115.55;111.9;30.39;0.67
19.10.2017;110.95;111.75;112.8;110.9;21.08;0.22
18.10.2017;114;111.5;114.5;110.25;37.95;-2.62
17.10.2017;118;114.5;118.5;113.5;49.99;-2.92
16.10.2017;119.3;117.95;119.8;116.8;38.7;0.13
13.10.2017;119.1;117.8;123;116.3;80.3;0.68
12.10.2017;120.3;117;123.3;117;56.99;-1.68
11.10.2017;115.95;119;124;114.1;59.29;2.72
10.10.2017;116;115.85;116;115;32.06;-0.09
09.10.2017;115.7;115.95;116.4;115.3;23.17;0.22
06.10.2017;113.95;115.7;116;113.95;29.99;1.58
05.10.2017;114.55;113.9;114.8;113.3;24.22;0.31
04.10.2017;114.75;113.55;115.3;113.55;14.58;-1.26
03.10.2017;114.65;115;116.25;114.35;6.85;0.39
02.10.2017;116.25;114.55;116.95;113.6;13.04;-1.46
29.09.2017;114.8;116.25;116.5;113.25;22.49;1.26
28.09.2017;112.15;114.8;114.9;112.15;32.68;2.36
27.09.2017;110.3;112.15;113.55;110.3;17.87;0.99
26.09.2017;113.55;111.05;114.4;110.25;23.31;-1.86
25.09.2017;114.2;113.15;116.4;111.8;18.08;-0.75
22.09.2017;112.35;114;114.4;109.7;39.4;1.79
21.09.2017;115;112;117;110.1;52.37;-1.67
20.09.2017;109;113.9;115.5;108.8;59.54;4.02
19.09.2017;106.55;109.5;109.5;106;27.6;3.3
18.09.2017;103.85;106;107;103.4;24.8;2.02
15.09.2017;106.4;103.9;107;102.5;109.04;-2.53
14.09.2017;107;106.6;109.3;105;39.47;-0.37
13.09.2017;104.6;107;109.6;102.55;56.86;2.29
12.09.2017;101.45;104.6;106.6;98.01;67.61;4.6
11.09.2017;96.2;100;100.8;96.2;86.21;5.65
08.09.2017;90.5;94.65;95.25;90.2;81.88;5.15
07.09.2017;86.1;90.01;90.01;86.1;81.35;9.75
06.09.2017;83.8;82.01;84.39;81.4;15.71;-2.14
05.09.2017;85.3;83.8;86.61;82.32;19.51;-2.05
04.09.2017;84.1;85.55;86;83.03;9.61;1.6
01.09.2017;84.13;84.2;84.82;82.81;18.06;0.96
31.08.2017;82;83.4;84.13;82;19.1;2.95
30.08.2017;81.87;81.01;82.88;80.62;14.56;0.61
29.08.2017;84.99;80.52;84.99;80.04;27.29;-4.6
28.08.2017;84.9;84.4;84.99;84.25;5.71;-0.59
25.08.2017;85;84.9;85.6;84.1;5.83;0.12
24.08.2017;84.9;84.8;85;84.5;4.66;0.11
23.08.2017;85.98;84.71;85.98;84.2;29.65;-0.41
22.08.2017;86.5;85.06;87;84.5;11.45;-1.66
21.08.2017;86.2;86.5;86.99;85.79;4.4;0
18.08.2017;86.6;86.5;86.8;85.5;2.97;-0.35
17.08.2017;86.98;86.8;87.2;86.1;15.25;-0.23
16.08.2017;85;87;87.2;84.34;9.49;2.82
14.08.2017;84;84.61;84.78;83.22;3.17;0.73
11.08.2017;84;84;84.44;83.1;7.96;-0.99
10.08.2017;84.2;84.84;86.1;84.11;4.51;0.76
09.08.2017;85;84.2;85;84.13;5.84;-0.72
08.08.2017;86.19;84.81;86.78;84.02;9.56;-1.04
07.08.2017;86.2;85.7;86.6;85.51;7.36;0.45
04.08.2017;85;85.32;86.87;85;6.54;-0.39
03.08.2017;86.1;85.65;86.48;85.01;8.76;-1.2
02.08.2017;87.24;86.69;87.99;86;9.38;-0.58
01.08.2017;86.8;87.2;87.45;86.27;6.38;0.81
31.07.2017;88;86.5;88;85.82;9.56;-0.32
28.07.2017;88;86.78;88;85.5;7.5;-0.7
27.07.2017;87.5;87.39;88.5;87;9.13;0.13
26.07.2017;87.66;87.28;88;86.7;6.55;0.09
25.07.2017;87;87.2;88.2;84.05;10.92;0.23
24.07.2017;87;87;87.2;86.58;6.57;0
21.07.2017;86.49;87;88;86.49;11.76;0.59
20.07.2017;83.2;86.49;86.49;83.2;19.36;3.95
19.07.2017;82.39;83.2;83.2;82.2;5.93;0.85
18.07.2017;81.11;82.5;82.59;81.11;8.58;0.72
17.07.2017;82.64;81.91;82.64;81.25;5.86;0.07
14.07.2017;83.7;81.85;83.7;81.1;6.49;-1.86
13.07.2017;83;83.4;83.4;82.2;13.48;0.74
12.07.2017;81.03;82.79;82.9;81.03;7.02;2.17
11.07.2017;82;81.03;82.89;80.62;8.61;-0.45
10.07.2017;79.9;81.4;81.89;79.9;7.01;2.13
07.07.2017;81.1;79.7;81.99;79.7;6.63;-2.21
06.07.2017;82.7;81.5;82.7;80.43;26.09;-1.45
05.07.2017;83.63;82.7;83.89;78.02;41.22;-1.11
04.07.2017;85.31;83.63;85.31;83.21;6;-1.97
03.07.2017;86.04;85.31;86.1;84.51;13.33;-0.85
30.06.2017;85.95;86.04;86.49;85.01;8.39;0.05
29.06.2017;85.51;86;86;85.34;5.16;0.58
28.06.2017;86;85.5;86.76;85.5;9.63;-0.58
27.06.2017;86.2;86;86.86;85.21;9.38;0
26.06.2017;83.35;86;86;83.35;17.35;2.85
23.06.2017;82.5;83.62;83.8;82.5;3.82;1.36
22.06.2017;82.7;82.5;84.18;82.5;17.34;-0.55
21.06.2017;83.78;82.96;84.25;82.58;16.12;-0.49
20.06.2017;84;83.37;84.39;82.51;10.85;-0.74
19.06.2017;83.8;83.99;84.5;83.5;13.57;1.68
16.06.2017;81.3;82.6;83.98;81.3;12.5;1.05
14.06.2017;83.99;81.74;84.89;81.74;20.33;-2.68
13.06.2017;80.6;83.99;84;80.5;33.14;2.8
12.06.2017;81.99;81.7;81.99;80.05;19.24;-0.63
09.06.2017;81.6;82.22;82.89;80.51;21.9;0.65
08.06.2017;80.58;81.69;81.85;79.5;18.99;1.86
07.06.2017;80.5;80.2;81.98;78.62;15.51;0.25
06.06.2017;78.1;80;80;76.8;27.83;0
05.06.2017;82.48;80;83;80;15.97;-2.44
02.06.2017;82.2;82;82.89;81;19.61;0
01.06.2017;78.9;82;82;78.2;40.35;3.89
31.05.2017;77.07;78.93;78.99;76.34;38.98;1.71
30.05.2017;74.78;77.6;78.49;74.5;46.75;4.16
29.05.2017;72.8;74.5;74.72;72.21;26.79;3.54
26.05.2017;72.79;71.95;73.42;71.29;12;-0.82
25.05.2017;72.95;72.54;74.81;72.54;37.78;2.95
24.05.2017;69.19;70.46;71.85;69.19;47.36;3.61
23.05.2017;68.49;68.01;68.49;66.97;11.66;0.15
22.05.2017;65.54;67.91;68.48;65.54;15.94;4.09
19.05.2017;65.2;65.24;65.63;64.62;11.81;1.05
18.05.2017;64.61;64.56;65.75;63.57;12.92;-0.15
17.05.2017;65.05;64.66;65.3;63.57;14.58;-1.1
16.05.2017;65.16;65.38;66.57;65.05;9.85;-1.15
15.05.2017;67.81;66.13;67.81;65.67;13.42;-0.3
12.05.2017;66.29;66.33;67.5;66.13;6.23;-1.04
11.05.2017;67.93;67.03;68.2;66.56;5.17;-1.06
10.05.2017;65.05;67.75;67.75;64.71;13.81;4.15
09.05.2017;65.62;65.05;66.52;64.68;12.75;-0.75
08.05.2017;67.02;65.54;67.51;65.54;5.93;-1.35
05.05.2017;65.25;66.44;67.5;65.09;12.71;-0.33
04.05.2017;68.97;66.66;69.27;65.08;12.05;-1.99
02.05.2017;67.49;68.01;70.18;66.83;12.31;1.78
28.04.2017;66.72;66.81;67.17;66.43;13.1;0.52
27.04.2017;64.07;66.47;66.66;63.78;11.28;3.59
26.04.2017;64.56;64.16;64.56;62.59;21.46;-1.06
25.04.2017;66.04;64.85;66.43;63.97;17.85;-1.42
24.04.2017;66.33;65.79;66.87;64.85;8.74;0.06
21.04.2017;67.59;65.75;68.2;65.59;16.05;-2.77
20.04.2017;69.98;67.62;70.87;67.12;13.11;-2.06
19.04.2017;66.04;69.04;69.04;65.84;15.6;5.34
18.04.2017;64.36;65.54;67.9;64.09;21.08;2.62
13.04.2017;65.35;63.87;65.92;61.32;32.8;-2.19
12.04.2017;64.96;65.3;66.82;64.95;27.95;-0.23
11.04.2017;68.01;65.44;68.64;64.83;63.48;-3.64
10.04.2017;70.77;67.92;70.96;67.7;20.31;-4.29
07.04.2017;71.21;70.96;71.43;69.98;8.18;-0.35
06.04.2017;69.49;71.21;72.44;69.49;8.2;-1.43
05.04.2017;72.74;72.25;73.7;72.24;9.18;-0.53
04.04.2017;72.34;72.63;73.33;72.34;6.53;-0.12
03.04.2017;73.81;72.72;73.81;72.35;6.73;-0.57
31.03.2017;74.41;73.13;74.7;72.64;10.17;-0.4
30.03.2017;73.48;73.43;76.18;71.97;29.06;2.6
29.03.2017;72.15;71.57;72.92;71.46;9.03;-0.81
28.03.2017;73.59;72.15;74.17;71.56;12.58;-1.21
27.03.2017;73.44;73.03;74.51;72.59;6.02;-2.11
24.03.2017;74.66;74.61;75.15;73.7;8.13;-0.08
23.03.2017;72.45;74.67;75.2;72.45;7.78;2.52
22.03.2017;74.32;72.84;74.32;71.46;20.52;-3.12
21.03.2017;75.39;75.18;75.39;74.4;14.5;-0.27
20.03.2017;75.89;75.39;76.29;74.91;10.51;-0.66
17.03.2017;75.4;75.89;75.89;74.91;17.99;1.32
16.03.2017;74.12;74.91;75.3;73.82;13.83;2.73
15.03.2017;73.43;72.92;74.9;72.51;22.07;-0.16
14.03.2017;72.44;73.03;73.03;72.05;12.04;1.51
13.03.2017;72.64;71.95;73.02;71.14;9.21;-0.25
10.03.2017;71.46;72.13;73.29;71.46;9.61;0.94
09.03.2017;72.13;71.46;72.15;70.16;9.52;-0.93
08.03.2017;72.44;72.13;72.94;71.06;16.76;-0.12
07.03.2017;69.78;72.22;72.84;67.62;29.31;3.05
06.03.2017;71.95;70.08;72.23;70.03;10.79;-2.6
