"Data","Ostatnio","otwarcie","Max.","Min.","Wol.","Zmiana%"
"19.03.2021","226,40","223,80","226,40","220,40","29,15K","0,71%"
"18.03.2021","224,80","227,20","231,60","223,80","20,97K","-1,32%"
"17.03.2021","227,80","225,60","228,00","217,20","56,59K","0,89%"
"16.03.2021","225,80","234,80","234,80","224,60","49,80K","-3,91%"
"15.03.2021","235,00","235,00","238,00","232,60","38,91K","0,00%"
"12.03.2021","235,00","231,00","237,40","229,60","32,65K","1,91%"
"11.03.2021","230,60","238,00","240,80","227,80","42,40K","-3,19%"
"10.03.2021","238,20","243,00","246,40","236,60","33,25K","-1,98%"
"09.03.2021","243,00","237,60","244,00","237,20","75,57K","1,50%"
"08.03.2021","239,40","237,00","240,80","234,20","63,71K","0,59%"
"05.03.2021","238,00","235,00","239,60","233,80","50,40K","-0,08%"
"04.03.2021","238,20","234,60","240,00","230,00","47,43K","0,42%"
"03.03.2021","237,20","234,80","242,00","233,20","80,73K","0,51%"
"02.03.2021","236,00","234,00","240,20","229,60","41,88K","0,68%"
"01.03.2021","234,40","222,40","234,40","221,60","115,10K","5,78%"
"26.02.2021","221,60","219,60","224,00","215,00","58,26K","-1,42%"
"25.02.2021","224,80","225,00","227,20","220,00","63,59K","0,54%"
"24.02.2021","223,60","214,20","226,20","214,20","79,63K","3,23%"
"23.02.2021","216,60","214,40","220,00","212,00","59,23K","-0,82%"
"22.02.2021","218,40","219,60","220,00","214,40","38,57K","-0,73%"
"19.02.2021","220,00","220,20","222,60","214,40","93,74K","-1,35%"
"18.02.2021","223,00","225,40","231,40","220,40","59,81K","-0,98%"
"17.02.2021","225,20","223,20","233,00","212,80","167,92K","0,90%"
"16.02.2021","223,20","198,60","224,40","198,10","247,10K","11,77%"
"15.02.2021","199,70","187,70","199,70","186,70","59,65K","7,37%"
"12.02.2021","186,00","189,20","189,60","184,40","43,02K","-1,90%"
"11.02.2021","189,60","188,00","190,00","184,00","54,41K","0,85%"
"10.02.2021","188,00","193,20","194,90","185,50","57,27K","-2,64%"
"09.02.2021","193,10","197,00","197,00","191,00","46,75K","-1,18%"
"08.02.2021","195,40","195,20","199,00","193,40","56,87K","0,26%"
"05.02.2021","194,90","195,00","202,60","193,70","79,53K","-0,05%"
"04.02.2021","195,00","195,80","198,60","192,60","20,82K","-1,61%"
"03.02.2021","198,20","200,00","202,40","195,60","59,65K","-0,30%"
"02.02.2021","198,80","196,00","199,80","194,00","75,35K","1,64%"
"01.02.2021","195,60","199,20","199,20","193,70","51,38K","0,00%"
"29.01.2021","195,60","194,00","201,80","193,50","102,89K","0,93%"
"28.01.2021","193,80","191,00","196,50","183,30","108,71K","1,10%"
"27.01.2021","191,70","202,20","205,40","189,10","69,09K","-5,94%"
"26.01.2021","203,80","200,20","206,00","194,20","85,25K","1,39%"
"25.01.2021","201,00","207,00","207,00","198,10","68,34K","-3,27%"
"22.01.2021","207,80","206,40","209,00","203,20","32,61K","-0,29%"
"21.01.2021","208,40","210,00","211,20","203,20","45,88K","-0,86%"
"20.01.2021","210,20","208,00","213,80","206,40","82,32K","-0,66%"
"19.01.2021","211,60","210,60","215,00","208,20","70,86K","0,57%"
"18.01.2021","210,40","205,00","211,40","205,00","112,12K","2,83%"
"15.01.2021","204,60","211,40","217,00","203,40","78,96K","-3,22%"
"14.01.2021","211,40","205,00","213,60","204,00","72,72K","4,04%"
"13.01.2021","203,20","210,80","210,80","202,00","78,09K","-3,15%"
"12.01.2021","209,80","218,60","225,60","205,60","115,39K","-4,03%"
"11.01.2021","218,60","214,00","228,60","212,20","126,60K","3,11%"
"08.01.2021","212,00","200,00","217,60","200,00","140,36K","6,53%"
"07.01.2021","199,00","190,00","199,00","187,40","119,20K","6,99%"
"05.01.2021","186,00","186,60","189,40","182,00","50,86K","-0,32%"
"04.01.2021","186,60","180,00","189,50","179,80","97,29K","4,13%"
"30.12.2020","179,20","188,80","188,80","178,70","83,43K","-5,13%"
"29.12.2020","188,90","188,20","189,90","185,00","61,34K","1,23%"
"28.12.2020","186,60","180,00","186,70","180,00","76,31K","4,89%"
"23.12.2020","177,90","173,40","177,90","173,40","52,44K","3,49%"
"22.12.2020","171,90","172,00","177,60","171,40","46,23K","-0,06%"
"21.12.2020","172,00","172,00","172,00","172,00","84,79K","-4,28%"
"18.12.2020","179,70","177,50","183,30","175,00","80,24K","1,18%"
"17.12.2020","177,60","183,50","185,60","173,70","99,64K","-2,42%"
"16.12.2020","182,00","179,80","184,50","176,70","65,42K","3,00%"
"15.12.2020","176,70","174,00","179,90","173,00","52,95K","-0,06%"
"14.12.2020","176,80","181,90","185,30","176,00","53,95K","-1,39%"
"11.12.2020","179,30","185,00","187,00","176,10","117,39K","-2,29%"
"10.12.2020","183,50","191,20","191,70","183,00","93,13K","-2,70%"
"09.12.2020","188,60","177,60","197,50","176,20","214,06K","7,16%"
"08.12.2020","176,00","175,00","178,90","172,00","82,37K","0,23%"
"07.12.2020","175,60","171,00","179,80","169,90","123,14K","3,60%"
"04.12.2020","169,50","156,60","169,50","154,60","105,76K","8,45%"
"03.12.2020","156,30","154,60","158,40","154,00","93,44K","1,10%"
"02.12.2020","154,60","155,20","156,30","151,60","67,12K","0,39%"
"01.12.2020","154,00","152,80","159,00","152,80","67,53K","1,72%"
"30.11.2020","151,40","155,50","156,90","147,70","1,61M","-3,57%"
"27.11.2020","157,00","165,00","165,00","157,00","154,47K","-5,54%"
"26.11.2020","166,20","168,10","169,10","163,80","64,72K","-1,54%"
"25.11.2020","168,80","171,70","172,00","167,70","85,22K","-0,47%"
"24.11.2020","169,60","169,00","173,00","165,00","93,96K","1,01%"
"23.11.2020","167,90","163,60","171,00","163,60","78,87K","3,26%"
"20.11.2020","162,60","167,20","168,80","162,40","94,71K","-2,63%"
"19.11.2020","167,00","166,20","168,40","162,20","75,91K","0,12%"
"18.11.2020","166,80","169,40","170,70","165,70","81,21K","-1,88%"
"17.11.2020","170,00","171,00","171,00","164,20","85,89K","-0,29%"
"16.11.2020","170,50","162,10","172,00","162,10","87,46K","6,10%"
"13.11.2020","160,70","169,00","169,00","160,50","63,16K","-5,02%"
"12.11.2020","169,20","169,00","173,00","161,40","143,03K","0,12%"
"10.11.2020","169,00","158,70","174,50","142,90","265,57K","10,10%"
"09.11.2020","153,50","121,50","153,50","119,90","182,10K","24,09%"
"06.11.2020","123,70","125,60","126,60","119,70","92,77K","-1,12%"
"05.11.2020","125,10","127,50","130,70","125,00","113,98K","-0,32%"
"04.11.2020","125,50","131,00","134,90","122,20","133,98K","-4,92%"
"03.11.2020","132,00","120,00","135,00","118,40","126,81K","13,21%"
"02.11.2020","116,60","117,00","120,80","115,00","76,47K","0,95%"
"30.10.2020","115,50","120,00","121,00","113,50","80,02K","-3,75%"
"29.10.2020","120,00","127,20","129,70","118,00","102,56K","-4,84%"
"28.10.2020","126,10","140,00","140,40","126,00","117,62K","-9,93%"
"27.10.2020","140,00","151,90","154,00","140,00","105,19K","-7,41%"
"26.10.2020","151,20","147,10","152,60","147,10","44,86K","1,96%"
"23.10.2020","148,30","148,00","155,50","148,00","90,43K","-0,13%"
"22.10.2020","148,50","146,60","153,70","145,20","104,57K","1,23%"
"21.10.2020","146,70","153,40","155,80","146,70","75,64K","-4,24%"
"20.10.2020","153,20","150,00","159,90","147,60","94,93K","2,34%"
"19.10.2020","149,70","149,80","153,70","147,60","45,51K","0,88%"
"16.10.2020","148,40","152,00","156,20","146,00","64,54K","-2,05%"
"15.10.2020","151,50","155,00","155,10","149,20","74,30K","-2,95%"
"14.10.2020","156,10","159,80","160,50","150,00","187,63K","-1,51%"
"13.10.2020","158,50","168,00","168,00","158,00","108,59K","-5,65%"
"12.10.2020","168,00","169,30","172,80","166,10","28,18K","-0,59%"
"09.10.2020","169,00","174,90","174,90","167,70","25,81K","-2,09%"
"08.10.2020","172,60","175,00","177,80","170,60","41,13K","-1,37%"
"07.10.2020","175,00","177,00","177,60","170,10","41,93K","-0,79%"
"06.10.2020","176,40","172,80","179,50","172,80","40,86K","2,20%"
"05.10.2020","172,60","169,30","175,10","169,30","26,60K","2,07%"
"02.10.2020","169,10","169,60","171,50","166,40","22,07K","-2,31%"
"01.10.2020","173,10","169,30","173,90","166,60","38,02K","4,03%"
"30.09.2020","166,40","166,50","169,30","165,10","42,20K","-1,25%"
"29.09.2020","168,50","175,30","175,30","168,00","28,04K","-3,88%"
"28.09.2020","175,30","165,70","176,70","164,30","41,25K","6,96%"
"25.09.2020","163,90","173,50","173,50","163,40","62,19K","-5,53%"
"24.09.2020","173,50","171,00","174,30","169,20","42,81K","-0,17%"
"23.09.2020","173,80","180,50","181,10","173,80","24,43K","-1,81%"
"22.09.2020","177,00","178,00","183,60","173,90","33,95K","0,11%"
"21.09.2020","176,80","178,30","178,90","174,10","28,83K","-3,18%"
"18.09.2020","182,60","180,00","182,60","175,20","258,61K","0,77%"
"17.09.2020","181,20","179,70","181,70","175,00","37,76K","0,06%"
"16.09.2020","181,10","183,40","186,10","180,20","21,49K","-1,42%"
"15.09.2020","183,70","181,00","187,00","179,20","27,14K","-0,16%"
"14.09.2020","184,00","188,00","188,00","182,90","29,38K","-1,45%"
"11.09.2020","186,70","185,00","187,80","182,00","36,81K","1,69%"
"10.09.2020","183,60","180,90","185,00","178,30","69,48K","2,00%"
"09.09.2020","180,00","169,10","181,20","169,10","50,12K","6,45%"
"08.09.2020","169,10","178,00","180,00","167,90","65,42K","-5,69%"
"07.09.2020","179,30","181,00","181,90","177,10","18,86K","-0,94%"
"04.09.2020","181,00","183,00","184,30","177,80","38,39K","-1,36%"
"03.09.2020","183,50","183,00","188,40","182,00","26,60K","0,55%"
"02.09.2020","182,50","183,00","186,40","180,30","34,16K","0,77%"
"01.09.2020","181,10","187,00","187,70","179,00","78,16K","-3,72%"
"31.08.2020","188,10","188,50","190,30","184,70","65,63K","1,57%"
"28.08.2020","185,20","188,40","189,90","185,00","50,56K","-2,53%"
"27.08.2020","190,00","190,60","190,80","186,60","28,63K","-1,04%"
"26.08.2020","192,00","189,00","193,10","186,70","34,97K","1,27%"
"25.08.2020","189,60","192,50","196,00","189,00","26,24K","-1,40%"
"24.08.2020","192,30","192,30","193,40","188,30","40,91K","0,00%"
"21.08.2020","192,30","194,60","195,00","189,20","23,30K","-1,13%"
"20.08.2020","194,50","196,00","196,90","192,50","26,14K","-2,60%"
"19.08.2020","199,70","200,80","202,00","197,00","9,57K","-0,55%"
"18.08.2020","200,80","201,60","204,80","199,00","24,31K","-0,40%"
"17.08.2020","201,60","208,00","208,00","200,80","17,21K","-2,89%"
"14.08.2020","207,60","208,60","208,60","200,20","22,32K","-0,48%"
"13.08.2020","208,60","200,00","209,00","199,00","35,61K","3,78%"
"12.08.2020","201,00","204,80","210,40","198,50","42,03K","-1,86%"
"11.08.2020","204,80","192,00","205,20","190,90","59,28K","6,67%"
"10.08.2020","192,00","188,40","192,00","186,50","15,70K","2,13%"
"07.08.2020","188,00","186,70","189,40","183,50","26,97K","1,08%"
"06.08.2020","186,00","192,60","194,60","184,10","35,80K","-3,53%"
"05.08.2020","192,80","192,30","195,60","188,00","37,30K","1,31%"
"04.08.2020","190,30","193,30","197,50","187,10","47,44K","-0,89%"
"03.08.2020","192,00","189,70","193,20","180,80","43,62K","2,45%"
"31.07.2020","187,40","192,00","194,20","184,00","45,70K","-1,58%"
"30.07.2020","190,40","200,00","200,00","188,00","35,37K","-2,96%"
"29.07.2020","196,20","202,00","202,00","195,50","15,78K","-1,90%"
"28.07.2020","200,00","201,00","202,60","195,80","43,04K","0,20%"
"27.07.2020","199,60","205,40","207,00","198,20","43,26K","-3,11%"
"24.07.2020","206,00","207,00","209,20","203,80","21,05K","-1,44%"
"23.07.2020","209,00","218,00","218,80","207,60","28,45K","-2,79%"
"22.07.2020","215,00","218,00","222,00","215,00","30,39K","-0,92%"
"21.07.2020","217,00","214,00","225,60","211,00","66,26K","3,43%"
"20.07.2020","209,80","211,00","214,80","206,40","47,65K","-1,32%"
"17.07.2020","212,60","215,00","216,60","210,20","23,23K","-1,57%"
"16.07.2020","216,00","223,00","223,00","212,00","32,80K","-3,14%"
"15.07.2020","223,00","224,40","225,20","221,00","32,81K","-0,62%"
"14.07.2020","224,40","228,00","229,40","222,40","25,61K","-2,43%"
"13.07.2020","230,00","230,80","234,00","225,00","32,93K","0,35%"
"10.07.2020","229,20","226,00","229,20","222,40","20,47K","0,44%"
"09.07.2020","228,20","229,20","233,00","226,60","27,04K","-0,44%"
"08.07.2020","229,20","231,60","234,00","226,20","40,77K","-2,05%"
"07.07.2020","234,00","238,00","238,00","230,80","25,53K","-1,76%"
"06.07.2020","238,20","239,00","242,00","235,20","15,73K","0,76%"
"03.07.2020","236,40","236,00","236,40","230,00","11,27K","1,20%"
"02.07.2020","233,60","238,00","243,00","233,60","41,58K","-0,34%"
"01.07.2020","234,40","229,40","235,80","225,00","24,31K","1,91%"
"30.06.2020","230,00","239,00","239,20","229,00","32,87K","-3,52%"
"29.06.2020","238,40","236,00","241,20","233,40","25,21K","0,34%"
"26.06.2020","237,60","241,60","244,40","237,00","20,06K","-1,33%"
"25.06.2020","240,80","241,00","243,60","236,40","23,87K","-0,17%"
"24.06.2020","241,20","245,00","245,00","237,60","14,33K","-1,39%"
"23.06.2020","244,60","242,00","245,20","236,60","27,45K","3,47%"
"22.06.2020","236,40","244,60","244,60","235,60","23,64K","-2,48%"
"19.06.2020","242,40","245,20","246,80","240,80","58,76K","-0,98%"
"18.06.2020","244,80","244,60","246,80","236,60","26,85K","1,07%"
"17.06.2020","242,20","244,20","247,60","240,80","29,94K","-0,82%"
"16.06.2020","244,20","246,00","249,20","240,00","38,90K","2,95%"
"15.06.2020","237,20","238,20","239,00","231,20","39,73K","-1,17%"
"12.06.2020","240,00","233,00","247,80","225,00","52,12K","-4,53%"
"10.06.2020","251,40","252,00","257,00","246,00","40,49K","-1,33%"
"09.06.2020","254,80","262,40","267,40","238,00","81,03K","-1,09%"
"08.06.2020","257,60","251,60","267,80","250,00","115,16K","4,04%"
"05.06.2020","247,60","227,00","248,00","227,00","85,92K","9,46%"
"04.06.2020","226,20","223,00","226,40","216,40","59,78K","1,98%"
"03.06.2020","221,80","218,00","223,80","216,80","46,42K","2,88%"
"02.06.2020","215,60","215,00","216,80","211,20","29,88K","0,94%"
"01.06.2020","213,60","218,00","224,40","210,40","41,17K","-0,84%"
"29.05.2020","215,40","210,00","215,40","201,80","138,66K","1,60%"
"28.05.2020","212,00","213,00","226,40","204,40","144,94K","2,02%"
"27.05.2020","207,80","188,60","214,20","187,40","213,31K","11,72%"
"26.05.2020","186,00","186,00","187,10","185,50","123,86K","1,09%"
"25.05.2020","184,00","186,20","187,60","183,20","21,08K","0,05%"
"22.05.2020","183,90","185,00","187,20","181,80","22,79K","-0,59%"
"21.05.2020","185,00","187,20","188,00","185,00","14,38K","-1,18%"
"20.05.2020","187,20","187,00","189,00","184,30","18,84K","0,21%"
"19.05.2020","186,80","189,60","189,60","183,40","18,45K","0,48%"
"18.05.2020","185,90","183,60","187,90","181,50","24,31K","1,97%"
"15.05.2020","182,30","186,10","188,60","182,30","24,96K","-0,71%"
"14.05.2020","183,60","189,50","190,60","180,00","21,08K","-3,52%"
"13.05.2020","190,30","184,60","194,80","184,60","33,73K","3,09%"
"12.05.2020","184,60","185,00","187,40","181,00","31,15K","0,05%"
"11.05.2020","184,50","191,00","191,50","181,00","25,80K","-2,02%"
"08.05.2020","188,30","192,00","192,50","188,30","14,34K","0,05%"
"07.05.2020","188,20","196,00","197,50","188,20","20,34K","-1,21%"
"06.05.2020","190,50","200,00","200,20","190,50","44,96K","-3,79%"
"05.05.2020","198,00","207,40","208,00","198,00","31,71K","-3,13%"
"04.05.2020","204,40","220,00","220,00","204,40","27,04K","-6,67%"
"30.04.2020","219,00","217,00","221,00","214,00","51,92K","2,15%"
"29.04.2020","214,40","201,40","216,40","201,40","35,50K","6,45%"
"28.04.2020","201,40","202,20","209,00","197,10","48,10K","-0,49%"
"27.04.2020","202,40","216,20","217,00","202,20","23,39K","-4,53%"
"24.04.2020","212,00","219,80","219,80","212,00","11,82K","-3,20%"
"23.04.2020","219,00","219,00","220,60","216,20","19,40K","1,30%"
"22.04.2020","216,20","210,20","220,80","208,20","22,13K","3,94%"
"21.04.2020","208,00","218,00","218,00","208,00","21,08K","-4,41%"
"20.04.2020","217,60","220,00","222,00","209,00","38,21K","-0,09%"
"17.04.2020","217,80","228,00","228,00","217,00","20,26K","-2,07%"
"16.04.2020","222,40","227,40","229,00","218,20","45,84K","-0,27%"
"15.04.2020","223,00","242,40","242,60","223,00","30,18K","-5,11%"
"14.04.2020","235,00","233,60","236,20","232,00","37,16K","2,62%"
"09.04.2020","229,00","224,00","230,00","223,40","47,95K","2,05%"
"08.04.2020","224,40","231,00","234,60","218,00","32,03K","-2,26%"
"07.04.2020","229,60","230,00","239,80","228,40","35,57K","0,70%"
"06.04.2020","228,00","222,00","228,80","217,60","31,77K","4,78%"
"03.04.2020","217,60","209,40","217,60","203,40","36,54K","1,87%"
"02.04.2020","213,60","214,20","214,20","206,20","36,01K","0,56%"
"01.04.2020","212,40","218,60","220,40","212,20","43,99K","-4,24%"
"31.03.2020","221,80","221,00","229,40","220,00","27,77K","-1,16%"
"30.03.2020","224,40","225,00","226,60","216,00","24,15K","1,08%"
"27.03.2020","222,00","231,00","231,00","216,60","40,28K","-1,60%"
"26.03.2020","225,60","219,40","230,20","219,00","18,34K","2,83%"
"25.03.2020","219,40","233,00","233,20","212,00","31,78K","-2,49%"
"24.03.2020","225,00","237,00","237,00","216,80","53,73K","0,45%"
"23.03.2020","224,00","248,40","248,40","224,00","42,70K","-9,82%"
"20.03.2020","248,40","255,00","259,00","242,00","78,20K","2,90%"
"19.03.2020","241,40","244,80","261,20","230,20","45,85K","-0,25%"
"18.03.2020","242,00","238,00","242,40","220,20","29,78K","3,68%"
"17.03.2020","233,40","208,40","241,60","200,00","52,29K","17,76%"
"16.03.2020","198,20","210,00","218,80","188,00","56,68K","-4,89%"
"13.03.2020","208,40","208,00","212,80","186,50","78,69K","8,49%"
"12.03.2020","192,10","213,00","217,60","192,10","38,15K","-16,33%"
"11.03.2020","229,60","255,60","255,60","225,00","41,85K","-5,82%"
"10.03.2020","243,80","263,60","268,80","241,40","30,40K","-7,51%"
"09.03.2020","263,60","296,60","296,60","263,60","28,74K","-12,66%"
"06.03.2020","301,80","300,60","305,00","295,00","21,85K","-2,39%"
"05.03.2020","309,20","325,00","325,00","306,00","13,77K","-2,52%"
"04.03.2020","317,20","331,00","331,00","314,00","29,91K","-4,00%"
"03.03.2020","330,40","305,00","335,40","298,20","25,82K","11,32%"
"02.03.2020","296,80","304,00","307,00","288,20","40,94K","-0,40%"
"28.02.2020","298,00","321,00","326,80","298,00","42,58K","-8,08%"
"27.02.2020","324,20","326,80","336,80","321,20","16,49K","-2,76%"
"26.02.2020","333,40","344,60","345,00","333,40","17,99K","-1,30%"
"25.02.2020","337,80","370,60","370,60","335,00","21,73K","-7,04%"
"24.02.2020","363,40","367,40","374,00","359,60","9,31K","-3,04%"
"21.02.2020","374,80","370,20","376,00","369,60","10,57K","1,24%"
"20.02.2020","370,20","370,00","373,80","364,20","7,87K","1,76%"
"19.02.2020","363,80","365,00","367,20","355,60","11,98K","-0,33%"
"18.02.2020","365,00","371,00","374,00","364,20","12,01K","-2,41%"
"17.02.2020","374,00","375,60","377,00","371,80","3,05K","0,32%"
"14.02.2020","372,80","380,00","380,00","371,20","8,99K","-1,22%"
"13.02.2020","377,40","375,60","379,00","370,00","8,24K","0,86%"
"12.02.2020","374,20","389,20","389,60","371,20","32,62K","-5,17%"
"11.02.2020","394,60","394,00","397,00","387,80","5,65K","0,66%"
"10.02.2020","392,00","390,00","393,80","385,00","11,52K","0,41%"
"07.02.2020","390,40","390,00","394,80","383,60","11,84K","0,21%"
"06.02.2020","389,60","387,20","399,00","384,60","19,69K","2,15%"
"05.02.2020","381,40","364,00","385,80","364,00","14,11K","3,08%"
"04.02.2020","370,00","370,80","375,00","363,80","36,28K","-0,16%"
"03.02.2020","370,60","372,00","372,20","364,40","21,74K","-0,16%"
"31.01.2020","371,20","369,40","371,20","364,20","36,36K","0,65%"
"30.01.2020","368,80","364,60","369,00","359,20","17,37K","1,37%"
"29.01.2020","363,80","359,00","364,60","357,60","11,59K","1,11%"
"28.01.2020","359,80","366,00","367,00","357,00","12,26K","-0,72%"
"27.01.2020","362,40","361,40","375,60","361,40","10,79K","-4,38%"
"24.01.2020","379,00","378,40","385,80","372,20","8,00K","0,16%"
"23.01.2020","378,40","383,40","383,40","376,20","8,43K","-0,58%"
"22.01.2020","380,60","389,80","389,80","376,00","15,42K","-1,70%"
"21.01.2020","387,20","380,00","389,80","375,00","7,13K","1,15%"
"20.01.2020","382,80","378,60","386,60","378,60","4,83K","-0,52%"
"17.01.2020","384,80","382,20","392,00","382,20","11,86K","-1,18%"
"16.01.2020","389,40","390,40","390,40","377,60","12,36K","-0,26%"
"15.01.2020","390,40","385,00","393,60","382,20","15,93K","1,40%"
"14.01.2020","385,00","376,00","386,80","369,20","22,24K","1,96%"
"13.01.2020","377,60","383,00","385,80","375,00","16,33K","-1,56%"
"10.01.2020","383,60","402,00","405,00","382,40","14,95K","-4,10%"
"09.01.2020","400,00","397,60","404,80","395,80","23,23K","1,94%"
"08.01.2020","392,40","393,40","394,00","387,00","8,73K","0,10%"
"07.01.2020","392,00","396,00","398,20","389,00","13,17K","-1,11%"
"03.01.2020","396,40","385,00","396,40","385,00","17,10K","0,51%"
"02.01.2020","394,40","385,00","397,80","385,00","12,71K","1,28%"
"30.12.2019","389,40","387,20","392,00","387,20","21,33K","0,31%"
"27.12.2019","388,20","390,00","392,00","384,00","8,41K","-0,41%"
"23.12.2019","389,80","373,00","389,80","373,00","23,13K","4,17%"
"20.12.2019","374,20","368,60","379,80","366,00","57,40K","-0,48%"
"19.12.2019","376,00","371,80","376,00","370,60","13,75K","1,13%"
"18.12.2019","371,80","369,60","371,80","363,20","17,78K","0,98%"
"17.12.2019","368,20","373,80","374,20","364,40","20,98K","0,22%"
"16.12.2019","367,40","383,00","384,80","363,60","13,67K","-3,52%"
"13.12.2019","380,80","375,00","381,80","372,00","14,67K","2,64%"
"12.12.2019","371,00","358,40","371,60","358,40","15,48K","3,06%"
"11.12.2019","360,00","365,60","371,00","359,80","8,64K","-2,12%"
"10.12.2019","367,80","361,40","368,00","353,60","8,21K","3,61%"
"09.12.2019","355,00","351,00","358,60","347,20","11,47K","0,45%"
"06.12.2019","353,40","357,60","364,40","353,20","12,64K","-0,39%"
"05.12.2019","354,80","358,20","362,40","352,60","16,81K","-0,95%"
"04.12.2019","358,20","355,40","368,40","355,40","14,98K","0,06%"
"03.12.2019","358,00","361,00","369,40","357,40","10,37K","-1,10%"
"02.12.2019","362,00","379,40","379,40","359,80","14,09K","-2,74%"
"29.11.2019","372,20","368,00","376,40","367,00","11,17K","-0,43%"
"28.11.2019","373,80","372,20","379,00","370,20","9,58K","-0,16%"
"27.11.2019","374,40","380,00","385,00","371,40","14,31K","-1,78%"
"26.11.2019","381,20","383,80","388,20","378,60","57,35K","-1,75%"
"25.11.2019","388,00","390,00","390,00","385,60","11,08K","-0,31%"
"22.11.2019","389,20","380,00","390,00","380,00","15,90K","1,25%"
"21.11.2019","384,40","379,00","387,40","379,00","23,67K","-0,67%"
"20.11.2019","387,00","381,00","387,00","381,00","11,97K","1,47%"
"19.11.2019","381,40","389,00","392,60","379,80","11,68K","-2,26%"
"18.11.2019","390,20","389,00","390,40","385,80","15,41K","0,46%"
"15.11.2019","388,40","381,80","388,40","380,00","11,06K","1,46%"
"14.11.2019","382,80","393,60","395,00","381,20","20,07K","-1,24%"
"13.11.2019","387,60","394,00","394,00","385,20","17,79K","0,26%"
"12.11.2019","386,60","380,20","393,60","378,00","31,21K","0,99%"
"08.11.2019","382,80","390,80","390,80","381,40","20,74K","-2,05%"
"07.11.2019","390,80","395,40","397,20","388,40","37,99K","-0,41%"
"06.11.2019","392,40","398,80","398,80","392,20","30,10K","-1,65%"
"05.11.2019","399,00","394,40","399,00","390,40","36,22K","1,17%"
"04.11.2019","394,40","385,00","398,40","385,00","41,23K","3,30%"
"31.10.2019","381,80","384,20","384,80","380,00","36,26K","0,79%"
"30.10.2019","378,80","373,00","379,40","370,00","15,68K","2,32%"
"29.10.2019","370,20","380,00","380,00","369,80","18,94K","-2,17%"
"28.10.2019","378,40","369,80","378,80","365,00","18,02K","2,94%"
"25.10.2019","367,60","373,80","378,60","367,40","15,06K","-2,44%"
"24.10.2019","376,80","382,00","382,00","373,60","27,31K","-0,89%"
"23.10.2019","380,20","382,80","382,80","376,60","32,68K","-0,05%"
"22.10.2019","380,40","378,00","382,00","373,00","24,62K","1,44%"
"21.10.2019","375,00","378,80","385,00","372,60","23,32K","-0,85%"
"18.10.2019","378,20","385,00","385,00","373,80","32,02K","-1,77%"
"17.10.2019","385,00","388,20","395,00","382,00","66,20K","-0,47%"
"16.10.2019","386,80","376,80","388,60","369,20","30,41K","2,65%"
"15.10.2019","376,80","367,00","379,00","365,60","27,00K","3,46%"
"14.10.2019","364,20","358,00","372,00","356,20","38,05K","0,05%"
"11.10.2019","364,00","355,00","367,20","352,00","24,29K","2,36%"
"10.10.2019","355,60","349,60","359,20","345,20","24,31K","1,02%"
"09.10.2019","352,00","352,00","357,00","351,00","19,54K","0,06%"
"08.10.2019","351,80","341,60","351,80","337,60","35,00K","2,27%"
"07.10.2019","344,00","348,60","351,00","338,40","19,09K","-0,81%"
"04.10.2019","346,80","348,40","351,00","342,00","33,17K","-0,52%"
"03.10.2019","348,60","341,60","368,80","323,20","76,92K","2,05%"
"02.10.2019","341,60","345,00","345,80","338,40","26,13K","-0,99%"
"01.10.2019","345,00","350,00","350,00","336,60","28,16K","-0,75%"
"30.09.2019","347,60","363,00","365,00","341,60","26,43K","-4,24%"
"27.09.2019","363,00","340,00","371,00","331,80","58,85K","6,76%"
"26.09.2019","340,00","342,40","348,00","337,00","41,90K","-0,12%"
"25.09.2019","340,40","345,80","346,80","335,60","53,98K","-0,76%"
"24.09.2019","343,00","330,00","348,00","328,20","93,66K","4,57%"
"23.09.2019","328,00","316,80","330,80","309,60","29,53K","3,54%"
"20.09.2019","316,80","316,40","321,80","306,00","76,15K","-0,69%"
"19.09.2019","319,00","318,40","323,60","318,40","8,31K","-0,75%"
"18.09.2019","321,40","328,80","328,80","318,80","13,21K","-1,71%"
"17.09.2019","327,00","326,00","329,00","320,60","15,76K","-0,61%"
"16.09.2019","329,00","327,60","331,80","325,80","22,61K","0,43%"
"13.09.2019","327,60","330,00","340,20","322,80","25,18K","-0,97%"
"12.09.2019","330,80","324,00","334,00","320,60","27,50K","2,99%"
"11.09.2019","321,20","325,00","329,00","318,20","11,57K","-1,05%"
"10.09.2019","324,60","328,40","328,40","322,00","12,22K","-0,43%"
"09.09.2019","326,00","315,80","326,80","312,00","10,48K","4,96%"
"06.09.2019","310,60","313,00","317,00","310,00","14,55K","-2,33%"
"05.09.2019","318,00","318,00","320,20","308,20","12,40K","0,70%"
"04.09.2019","315,80","318,00","322,00","313,00","20,67K","-1,93%"
"03.09.2019","322,00","322,00","327,60","320,20","25,43K","-0,98%"
"02.09.2019","325,20","324,20","325,40","321,40","3,88K","0,81%"
"30.08.2019","322,60","315,00","325,00","315,00","22,02K","1,38%"
"29.08.2019","318,20","311,00","324,00","310,40","55,83K","2,32%"
"28.08.2019","311,00","329,00","333,20","306,00","57,74K","-5,59%"
"27.08.2019","329,40","322,20","335,40","321,60","58,29K","0,37%"
"26.08.2019","328,20","320,00","329,20","320,00","12,35K","0,80%"
"23.08.2019","325,60","338,60","338,60","324,60","18,63K","-1,33%"
"22.08.2019","330,00","327,20","332,20","321,20","21,45K","1,41%"
"21.08.2019","325,40","328,20","337,80","323,40","34,19K","-1,15%"
"20.08.2019","329,20","315,60","334,80","312,00","28,02K","3,85%"
"19.08.2019","317,00","305,00","319,00","305,00","26,29K","4,55%"
"16.08.2019","303,20","314,00","314,00","300,80","27,07K","-2,19%"
"14.08.2019","310,00","323,00","333,00","310,00","58,92K","-4,02%"
"13.08.2019","323,00","310,20","326,00","306,20","26,83K","3,53%"
"12.08.2019","312,00","317,40","318,80","309,80","8,81K","-2,13%"
"09.08.2019","318,80","325,60","325,60","315,60","16,50K","-1,79%"
"08.08.2019","324,60","330,20","335,00","322,60","20,28K","-1,64%"
"07.08.2019","330,00","324,60","333,00","322,40","35,82K","1,66%"
"06.08.2019","324,60","327,40","328,00","311,60","44,22K","0,37%"
"05.08.2019","323,40","336,00","340,60","323,20","28,64K","-4,49%"
"02.08.2019","338,60","345,60","345,60","338,00","12,79K","-2,98%"
"01.08.2019","349,00","353,00","354,00","345,00","16,96K","-0,11%"
"31.07.2019","349,40","359,20","359,40","349,00","29,98K","-3,48%"
"30.07.2019","362,00","362,40","363,20","359,00","9,96K","-0,11%"
"29.07.2019","362,40","368,00","368,00","360,40","10,49K","-0,49%"
"26.07.2019","364,20","366,00","370,40","357,80","40,42K","-0,38%"
"25.07.2019","365,60","376,00","379,60","364,40","39,47K","-2,25%"
"24.07.2019","374,00","377,80","377,80","372,80","18,64K","-0,48%"
"23.07.2019","375,80","378,00","379,20","373,80","32,97K","-0,32%"
"22.07.2019","377,00","384,00","384,00","372,40","18,84K","-0,79%"
"19.07.2019","380,00","381,60","382,20","376,00","35,39K","0,37%"
"18.07.2019","378,60","389,00","391,20","377,20","62,10K","-3,76%"
"17.07.2019","393,40","398,60","398,60","391,40","21,00K","-1,30%"
"16.07.2019","398,60","405,00","405,00","397,60","22,24K","-0,60%"
"15.07.2019","401,00","402,00","405,00","398,00","43,81K","0,00%"
"12.07.2019","401,00","400,00","403,60","395,00","11,05K","-0,74%"
"11.07.2019","404,00","407,00","407,00","400,60","19,97K","-0,64%"
"10.07.2019","406,60","407,60","410,40","406,60","20,51K","-0,68%"
"09.07.2019","409,40","410,00","410,00","407,00","10,01K","-0,15%"
"08.07.2019","410,00","408,00","411,80","407,00","12,25K","-0,34%"
"05.07.2019","411,40","417,00","417,00","408,00","12,87K","-1,34%"
"04.07.2019","417,00","423,00","426,00","414,60","12,96K","-2,20%"
"03.07.2019","426,40","420,00","429,80","419,00","11,58K","-0,61%"
"02.07.2019","429,00","431,00","432,00","421,20","12,23K","0,70%"
"01.07.2019","426,00","435,00","435,00","424,00","9,46K","-0,93%"
"28.06.2019","430,00","430,00","434,20","430,00","12,48K","-1,15%"
"27.06.2019","435,00","425,20","435,00","425,20","15,08K","2,26%"
"26.06.2019","425,40","425,00","428,80","422,20","14,54K","0,24%"
"25.06.2019","424,40","430,40","431,60","418,20","8,87K","-1,12%"
"24.06.2019","429,20","424,40","435,00","423,60","8,00K","0,89%"
"21.06.2019","425,40","432,20","439,00","421,00","62,78K","-0,09%"
"19.06.2019","425,80","421,60","428,00","420,00","9,72K","0,19%"
"18.06.2019","425,00","422,20","425,40","418,40","14,44K","1,19%"
"17.06.2019","420,00","429,00","429,60","416,00","14,25K","-2,82%"
"14.06.2019","432,20","434,60","440,00","429,80","13,42K","-0,96%"
"13.06.2019","436,40","429,80","440,00","429,00","25,45K","1,96%"
"12.06.2019","428,00","425,40","429,40","415,80","17,34K","0,90%"
"11.06.2019","424,20","430,00","430,00","415,00","10,11K","0,19%"
"10.06.2019","423,40","424,80","428,80","418,20","10,99K","-0,75%"
"07.06.2019","426,60","420,00","429,00","417,40","7,38K","1,43%"
"06.06.2019","420,60","406,00","423,80","400,00","21,24K","4,37%"
"05.06.2019","403,00","398,00","405,60","392,00","11,83K","0,60%"
"04.06.2019","400,60","404,20","407,80","397,80","8,52K","-0,10%"
"03.06.2019","401,00","409,00","409,00","395,60","9,84K","-0,40%"
"31.05.2019","402,60","397,40","408,60","396,00","16,25K","-0,74%"
"30.05.2019","405,60","398,00","409,00","395,80","10,82K","1,76%"
"29.05.2019","398,60","389,00","398,80","386,00","15,46K","-0,30%"
"28.05.2019","399,80","393,20","402,40","388,20","61,01K","1,32%"
"27.05.2019","394,60","388,80","396,00","383,80","5,77K","1,08%"
"24.05.2019","390,40","386,20","390,40","380,80","16,00K","1,40%"
"23.05.2019","385,00","406,00","406,00","382,40","15,12K","-5,13%"
"22.05.2019","405,80","393,40","407,40","387,00","18,00K","2,99%"
"21.05.2019","394,00","385,00","395,00","379,00","25,35K","2,93%"
"20.05.2019","382,80","385,80","386,40","374,00","11,27K","-0,67%"
"17.05.2019","385,40","384,00","387,40","376,00","15,62K","0,47%"
"16.05.2019","383,60","396,60","396,60","380,60","15,30K","-2,14%"
"15.05.2019","392,00","389,60","394,00","383,60","13,74K","0,62%"
"14.05.2019","389,60","400,20","402,40","389,20","19,62K","-1,17%"
"13.05.2019","394,20","407,40","408,40","390,80","13,35K","-3,24%"
"10.05.2019","407,40","410,00","420,80","407,40","13,32K","-0,63%"
"09.05.2019","410,00","415,60","419,20","408,00","12,00K","-1,30%"
"08.05.2019","415,40","428,00","433,60","414,00","17,60K","-2,94%"
"07.05.2019","428,00","448,60","448,60","428,00","16,39K","-4,12%"
"06.05.2019","446,40","434,80","447,80","434,20","12,97K","0,63%"
"02.05.2019","443,60","437,80","450,40","437,80","10,54K","0,14%"
"30.04.2019","443,00","450,00","450,00","435,60","14,95K","-1,25%"
"29.04.2019","448,60","445,00","450,40","444,60","19,71K","1,45%"
"26.04.2019","442,20","437,00","444,40","434,20","19,67K","2,08%"
"25.04.2019","433,20","443,00","443,00","430,20","12,87K","-2,04%"
"24.04.2019","442,20","443,00","443,00","439,20","24,98K","-0,18%"
"23.04.2019","443,00","444,80","444,80","442,00","22,87K","0,23%"
"18.04.2019","442,00","440,80","444,80","436,80","3,86K","0,23%"
"17.04.2019","441,00","445,00","455,00","438,80","18,53K","-0,90%"
"16.04.2019","445,00","443,00","450,00","440,60","7,01K","0,45%"
"15.04.2019","443,00","435,00","443,00","435,00","9,14K","1,84%"
"12.04.2019","435,00","440,00","440,60","434,80","6,44K","-1,09%"
"11.04.2019","439,80","444,00","444,40","437,40","7,79K","-0,95%"
"10.04.2019","444,00","434,40","444,60","434,40","15,08K","2,54%"
"09.04.2019","433,00","435,00","441,00","427,40","9,04K","0,46%"
"08.04.2019","431,00","430,00","431,60","427,80","7,72K","0,23%"
"05.04.2019","430,00","436,80","439,00","427,00","52,53K","-1,83%"
"04.04.2019","438,00","428,20","439,20","428,20","11,85K","0,46%"
"03.04.2019","436,00","429,00","436,00","429,00","9,32K","1,96%"
"02.04.2019","427,60","427,00","435,00","427,00","14,42K","-0,09%"
"01.04.2019","428,00","433,80","434,80","426,60","10,22K","0,66%"
"29.03.2019","425,20","432,00","432,00","425,20","19,59K","-0,79%"
"28.03.2019","428,60","430,20","435,20","428,60","6,52K","-0,79%"
"27.03.2019","432,00","438,00","438,00","429,00","16,05K","-1,37%"
"26.03.2019","438,00","438,00","441,60","434,60","15,34K","0,00%"
"25.03.2019","438,00","440,00","444,80","435,00","14,32K","-0,95%"
"22.03.2019","442,20","453,20","453,60","442,20","24,46K","-1,51%"
"21.03.2019","449,00","447,00","449,80","443,80","14,36K","0,63%"
"20.03.2019","446,20","442,40","448,80","442,40","8,97K","-0,67%"
"19.03.2019","449,20","442,20","451,20","442,20","12,31K","1,77%"
"18.03.2019","441,40","437,00","454,00","437,00","13,73K","-1,69%"
"15.03.2019","449,00","445,00","454,00","443,00","71,21K","1,31%"
"14.03.2019","443,20","436,80","444,80","436,60","8,03K","1,47%"
"13.03.2019","436,80","431,20","439,80","431,20","11,87K","-0,41%"
"12.03.2019","438,60","439,00","439,00","434,20","16,44K","1,86%"
"11.03.2019","430,60","437,40","439,40","429,80","17,24K","-0,42%"
"08.03.2019","432,40","435,60","435,60","428,00","9,43K","-0,37%"
"07.03.2019","434,00","439,80","443,80","432,00","18,94K","-1,36%"
"06.03.2019","440,00","439,20","440,20","433,80","6,97K","1,57%"
"05.03.2019","433,20","440,00","444,00","431,20","12,80K","0,74%"
"04.03.2019","430,00","433,20","435,60","426,20","9,40K","-0,09%"
"01.03.2019","430,40","436,20","436,20","428,00","10,37K","0,70%"
"28.02.2019","427,40","426,60","439,40","426,60","34,81K","-1,25%"
"27.02.2019","432,80","438,80","441,80","432,80","12,68K","-2,21%"
"26.02.2019","442,60","438,20","445,00","437,00","9,49K","0,45%"
"25.02.2019","440,60","436,80","444,60","434,40","10,92K","0,87%"
"22.02.2019","436,80","430,00","440,00","430,00","31,65K","1,68%"
"21.02.2019","429,60","434,80","437,80","426,60","31,03K","-0,83%"
"20.02.2019","433,20","438,40","439,00","432,00","19,98K","-0,41%"
"19.02.2019","435,00","439,60","447,80","433,00","24,74K","-1,09%"
"18.02.2019","439,80","441,80","450,00","436,00","14,25K","-0,14%"
"15.02.2019","440,40","430,00","442,40","430,00","11,50K","1,94%"
"14.02.2019","432,00","442,20","442,20","430,60","12,90K","-0,55%"
"13.02.2019","434,40","439,80","440,00","433,00","14,92K","-0,14%"
"12.02.2019","435,00","432,60","438,40","431,40","19,46K","0,79%"
"11.02.2019","431,60","436,40","438,00","430,60","14,04K","-1,01%"
"08.02.2019","436,00","442,40","442,40","434,80","18,53K","-2,02%"
"07.02.2019","445,00","449,20","456,20","444,60","18,64K","-1,64%"
"06.02.2019","452,40","451,00","452,40","446,40","21,10K","1,66%"
"05.02.2019","445,00","444,00","451,60","442,20","8,12K","0,14%"
"04.02.2019","444,40","459,00","459,00","441,40","25,94K","-1,90%"
"01.02.2019","453,00","449,00","455,00","449,00","11,44K","0,89%"
"31.01.2019","449,00","440,00","451,00","440,00","21,18K","1,72%"
"30.01.2019","441,40","443,00","448,40","440,20","11,62K","0,09%"
"29.01.2019","441,00","449,00","452,80","441,00","23,29K","-1,56%"
"28.01.2019","448,00","447,00","451,20","441,00","18,73K","-0,58%"
"25.01.2019","450,60","471,40","472,00","449,20","65,61K","-4,01%"
"24.01.2019","469,40","459,60","469,80","458,80","24,08K","2,58%"
"23.01.2019","457,60","453,00","460,00","447,40","16,29K","1,10%"
"22.01.2019","452,60","448,00","455,40","446,80","21,63K","0,98%"
"21.01.2019","448,20","459,00","459,00","445,20","16,69K","-1,71%"
"18.01.2019","456,00","451,00","456,00","451,00","17,83K","1,20%"
"17.01.2019","450,60","440,00","453,00","439,20","31,75K","2,41%"
"16.01.2019","440,00","435,60","442,00","433,40","38,12K","0,55%"
"15.01.2019","437,60","436,00","438,40","431,80","31,96K","0,78%"
"14.01.2019","434,20","425,40","435,80","425,40","49,86K","0,56%"
"11.01.2019","431,80","431,40","433,60","427,20","14,30K","0,56%"
"10.01.2019","429,40","428,40","430,00","421,40","23,34K","0,23%"
"09.01.2019","428,40","422,60","431,20","422,60","22,94K","0,14%"
"08.01.2019","427,80","422,20","427,80","420,80","16,10K","0,19%"
"07.01.2019","427,00","423,80","429,80","420,00","25,91K","1,18%"
"04.01.2019","422,00","417,40","424,00","417,40","46,19K","0,48%"
"03.01.2019","420,00","420,00","430,00","416,40","51,72K","-0,47%"
"02.01.2019","422,00","415,00","422,00","410,20","9,32K","-0,52%"
"28.12.2018","424,20","408,40","424,20","408,40","12,96K","4,43%"
"27.12.2018","406,20","421,00","425,00","406,20","19,39K","-3,61%"
"21.12.2018","421,40","425,00","426,60","415,00","56,87K","-0,52%"
"20.12.2018","423,60","433,60","433,60","414,20","18,34K","-3,24%"
"19.12.2018","437,80","440,00","440,00","429,20","13,34K","0,32%"
"18.12.2018","436,40","422,00","438,60","422,00","37,93K","2,25%"
"17.12.2018","426,80","424,00","428,40","420,80","15,67K","-0,19%"
"14.12.2018","427,60","409,00","427,60","405,00","19,78K","2,69%"
"13.12.2018","416,40","411,00","416,60","403,20","13,84K","1,56%"
"12.12.2018","410,00","399,80","410,00","399,00","15,08K","2,45%"
"11.12.2018","400,20","400,60","410,80","400,00","18,38K","-0,10%"
"10.12.2018","400,60","411,80","411,80","400,40","26,86K","-3,75%"
"07.12.2018","416,20","425,40","436,00","412,60","31,37K","-2,98%"
"06.12.2018","429,00","431,00","444,00","429,00","21,55K","-3,47%"
"05.12.2018","444,40","425,00","444,40","420,00","26,07K","4,17%"
"04.12.2018","426,60","416,80","427,60","410,20","17,19K","2,65%"
"03.12.2018","415,60","421,00","421,00","409,20","21,76K","1,76%"
"30.11.2018","408,40","408,20","418,00","404,60","39,40K","-3,54%"
"29.11.2018","423,40","415,00","423,60","408,40","24,73K","3,17%"
"28.11.2018","410,40","399,00","412,00","396,20","19,90K","3,90%"
"27.11.2018","395,00","403,00","405,80","394,40","13,11K","-1,25%"
"26.11.2018","400,00","406,00","407,40","397,20","9,72K","-0,50%"
"23.11.2018","402,00","399,00","404,60","399,00","4,84K","0,80%"
"22.11.2018","398,80","399,00","403,80","393,40","12,78K","1,42%"
"21.11.2018","393,20","395,00","399,00","393,20","20,91K","-0,46%"
"20.11.2018","395,00","396,60","399,00","390,80","13,50K","0,20%"
"19.11.2018","394,20","396,60","399,40","391,80","14,44K","-1,00%"
"16.11.2018","398,20","400,20","403,60","391,80","28,59K","0,05%"
"15.11.2018","398,00","410,20","417,80","396,80","27,27K","-3,86%"
"14.11.2018","414,00","402,00","421,00","402,00","13,67K","0,34%"
"13.11.2018","412,60","412,00","419,80","410,40","27,85K","-1,01%"
"09.11.2018","416,80","415,00","418,80","412,40","12,68K","-0,86%"
"08.11.2018","420,40","410,00","422,40","410,00","15,81K","0,72%"
"07.11.2018","417,40","404,20","421,00","404,20","18,23K","2,30%"
"06.11.2018","408,00","393,00","409,00","388,40","16,61K","3,87%"
"05.11.2018","392,80","380,00","393,60","378,80","15,70K","4,03%"
"02.11.2018","377,60","382,60","384,40","372,20","30,37K","0,96%"
"31.10.2018","374,00","395,00","395,00","371,20","33,27K","-2,91%"
"30.10.2018","385,20","391,20","396,80","385,00","7,91K","-1,83%"
"29.10.2018","392,40","388,80","397,00","388,80","8,42K","1,92%"
"26.10.2018","385,00","390,00","391,20","385,00","4,76K","-2,68%"
"25.10.2018","395,60","390,00","395,60","386,00","11,41K","1,59%"
"24.10.2018","389,40","394,60","398,00","387,20","12,77K","-1,37%"
"23.10.2018","394,80","397,00","399,20","394,20","9,65K","-2,23%"
"22.10.2018","403,80","402,20","405,00","397,00","7,94K","0,40%"
"19.10.2018","402,20","399,20","405,00","395,00","9,63K","0,80%"
"18.10.2018","399,00","406,00","407,00","397,80","12,17K","-1,68%"
"17.10.2018","405,80","412,00","417,40","400,60","23,16K","-2,41%"
"16.10.2018","415,80","409,40","415,80","403,20","13,52K","1,61%"
"15.10.2018","409,20","405,40","412,20","400,00","8,62K","0,94%"
"12.10.2018","405,40","402,20","408,20","401,60","25,25K","1,30%"
"11.10.2018","400,20","406,00","406,40","396,20","22,59K","-1,28%"
"10.10.2018","405,40","419,80","419,80","405,40","13,57K","-2,41%"
"09.10.2018","415,40","420,60","424,40","415,20","11,52K","-1,24%"
"08.10.2018","420,60","426,60","429,80","419,80","8,09K","-1,54%"
"05.10.2018","427,20","435,80","439,20","427,20","19,05K","-1,93%"
"04.10.2018","435,60","445,20","445,20","435,60","17,46K","-2,16%"
"03.10.2018","445,20","450,00","451,80","441,20","13,72K","0,00%"
"02.10.2018","445,20","438,20","445,20","436,40","14,16K","-0,45%"
"01.10.2018","447,20","446,00","454,20","440,20","8,66K","-0,09%"
"28.09.2018","447,60","455,40","455,40","440,40","34,96K","-2,06%"
"27.09.2018","457,00","446,60","457,00","439,40","28,45K","1,83%"
"26.09.2018","448,80","445,00","448,80","441,40","21,14K","0,81%"
"25.09.2018","445,20","430,00","445,60","427,40","26,72K","4,12%"
"24.09.2018","427,60","416,40","429,40","416,00","19,56K","1,76%"
"21.09.2018","420,20","414,20","431,00","405,00","190,41K","1,94%"
"20.09.2018","412,20","403,40","412,20","399,80","22,42K","3,83%"
"19.09.2018","397,00","399,00","407,80","386,20","21,69K","-0,50%"
"18.09.2018","399,00","397,60","409,60","394,00","14,19K","-0,65%"
"17.09.2018","401,60","406,00","407,20","397,20","17,05K","-1,13%"
"14.09.2018","406,20","411,60","411,60","399,00","8,45K","0,59%"
"13.09.2018","403,80","395,00","409,20","395,00","17,49K","1,41%"
"12.09.2018","398,20","393,60","404,00","390,20","27,67K","0,61%"
"11.09.2018","395,80","409,00","409,00","394,40","13,82K","-2,27%"
"10.09.2018","405,00","397,00","405,00","388,20","9,44K","2,90%"
"07.09.2018","393,60","417,80","417,80","389,60","14,71K","-5,84%"
"06.09.2018","418,00","409,60","418,00","409,40","16,55K","2,05%"
"05.09.2018","409,60","410,80","417,80","405,80","14,27K","-1,30%"
"04.09.2018","415,00","411,60","418,00","410,80","14,25K","-0,10%"
"03.09.2018","415,40","409,00","418,00","409,00","9,34K","1,42%"
"31.08.2018","409,60","414,00","418,60","409,60","15,20K","-0,68%"
"30.08.2018","412,40","416,60","416,80","409,40","12,31K","-1,06%"
"29.08.2018","416,80","411,80","416,80","408,60","21,21K","0,97%"
"28.08.2018","412,80","410,00","420,00","406,80","30,44K","0,00%"
"27.08.2018","412,80","404,00","413,40","403,00","14,96K","2,79%"
"24.08.2018","401,60","402,40","402,40","396,00","10,97K","-0,45%"
"23.08.2018","403,40","392,00","403,40","391,00","14,21K","2,70%"
"22.08.2018","392,80","388,20","401,60","388,20","14,94K","1,18%"
"21.08.2018","388,20","386,00","394,80","384,20","13,13K","0,83%"
"20.08.2018","385,00","389,00","389,60","375,00","16,46K","-0,93%"
"17.08.2018","388,60","397,20","399,40","388,60","12,31K","-2,61%"
"16.08.2018","399,00","395,80","401,80","392,40","9,88K","0,50%"
"14.08.2018","397,00","401,00","401,80","395,60","14,49K","-1,19%"
"13.08.2018","401,80","394,60","401,80","390,00","22,11K","1,88%"
"10.08.2018","394,40","401,80","405,00","394,40","17,24K","-2,67%"
"09.08.2018","405,20","408,20","408,20","398,60","20,18K","-0,10%"
"08.08.2018","405,60","419,60","421,20","404,20","17,10K","-3,57%"
"07.08.2018","420,60","413,00","420,60","413,00","14,63K","2,04%"
"06.08.2018","412,20","420,60","421,60","412,20","16,25K","-1,81%"
"03.08.2018","419,80","418,60","420,00","417,00","15,83K","0,77%"
"02.08.2018","416,60","430,00","430,00","414,60","13,14K","-3,12%"
"01.08.2018","430,00","430,00","431,80","425,60","18,46K","0,56%"
"31.07.2018","427,60","418,00","429,80","414,00","30,48K","1,04%"
"30.07.2018","423,20","409,00","423,20","409,00","20,16K","3,02%"
"27.07.2018","410,80","418,00","420,40","408,80","8,72K","-1,25%"
"26.07.2018","416,00","410,00","418,00","409,00","27,68K","1,96%"
"25.07.2018","408,00","406,40","410,00","404,00","21,04K","1,09%"
"24.07.2018","403,60","395,60","403,60","395,60","27,93K","2,33%"
"23.07.2018","394,40","403,00","403,00","394,40","11,71K","-1,40%"
"20.07.2018","400,00","397,20","400,00","393,80","21,79K","0,81%"
"19.07.2018","396,80","393,40","396,80","389,00","11,05K","0,30%"
"18.07.2018","395,60","399,60","403,60","394,00","6,40K","-1,25%"
"17.07.2018","400,60","396,40","401,60","394,00","10,60K","1,73%"
"16.07.2018","393,80","397,20","402,40","393,80","8,48K","-1,55%"
"13.07.2018","400,00","405,20","406,60","394,40","9,40K","0,20%"
"12.07.2018","399,20","400,00","404,00","399,20","9,75K","-0,15%"
"11.07.2018","399,80","401,00","404,40","398,40","14,30K","-0,05%"
"10.07.2018","400,00","397,00","407,60","397,00","21,90K","-0,15%"
"09.07.2018","400,60","401,80","404,00","397,00","6,07K","-0,15%"
"06.07.2018","401,20","402,40","404,80","397,60","21,08K","-0,45%"
"05.07.2018","403,00","406,00","409,80","402,40","6,86K","-1,32%"
"04.07.2018","408,40","401,20","410,20","401,20","5,26K","1,69%"
"03.07.2018","401,60","400,40","404,20","396,00","20,86K","0,75%"
"02.07.2018","398,60","398,20","401,00","393,20","15,31K","-0,30%"
"29.06.2018","399,80","396,40","402,00","393,40","23,29K","1,52%"
"28.06.2018","393,80","398,40","400,40","393,80","22,61K","-1,99%"
"27.06.2018","401,80","400,40","403,00","398,00","15,50K","0,35%"
"26.06.2018","400,40","409,20","409,20","398,40","16,75K","0,35%"
"25.06.2018","399,00","400,20","406,20","396,60","25,50K","-0,75%"
"22.06.2018","402,00","404,00","406,80","400,40","25,85K","0,70%"
"21.06.2018","399,20","405,20","408,80","395,00","23,25K","-1,43%"
"20.06.2018","405,00","400,00","409,20","397,80","58,56K","1,35%"
"19.06.2018","399,60","409,00","410,60","395,40","62,81K","-3,48%"
"18.06.2018","414,00","413,40","416,80","407,60","24,11K","0,19%"
"15.06.2018","413,20","430,00","430,00","413,00","72,05K","-3,55%"
"14.06.2018","428,40","439,40","439,40","428,40","16,13K","-3,03%"
"13.06.2018","441,80","434,40","442,00","432,80","21,48K","1,19%"
"12.06.2018","436,60","433,60","436,80","433,60","12,68K","0,55%"
"11.06.2018","434,20","430,00","436,40","428,80","15,25K","0,79%"
"08.06.2018","430,80","430,00","435,00","427,00","14,40K","0,19%"
"07.06.2018","430,00","426,00","432,80","425,20","9,71K","0,70%"
"06.06.2018","427,00","433,00","433,00","425,00","41,85K","-1,57%"
"05.06.2018","433,80","428,00","433,80","424,80","34,44K","1,12%"
"04.06.2018","429,00","429,00","433,40","426,60","28,84K","-0,09%"
"01.06.2018","429,40","424,00","429,40","419,00","13,77K","1,90%"
"30.05.2018","421,40","432,20","432,80","421,00","65,34K","-3,13%"
"29.05.2018","435,00","428,40","435,00","421,00","18,34K","0,23%"
"28.05.2018","434,00","442,60","442,60","427,80","10,68K","-0,28%"
"25.05.2018","435,20","430,20","442,00","430,20","17,60K","-0,50%"
"24.05.2018","437,40","430,00","442,20","429,80","19,72K","1,30%"
"23.05.2018","431,80","431,00","434,80","428,00","19,03K","-1,42%"
"22.05.2018","438,00","430,00","438,40","430,00","17,54K","0,55%"
"21.05.2018","435,60","430,00","437,20","430,00","11,36K","1,30%"
"18.05.2018","430,00","437,00","440,80","428,40","16,80K","-2,27%"
"17.05.2018","440,00","450,00","450,00","440,00","17,87K","-1,79%"
"16.05.2018","448,00","442,00","448,00","440,40","21,82K","1,36%"
"15.05.2018","442,00","459,40","459,40","438,20","37,92K","-2,64%"
"14.05.2018","454,00","461,00","461,00","453,40","22,83K","-1,22%"
"11.05.2018","459,60","455,00","459,60","450,60","22,15K","2,13%"
"10.05.2018","450,00","453,00","455,00","448,00","21,54K","0,90%"
"09.05.2018","446,00","442,00","447,00","440,60","17,60K","0,90%"
"08.05.2018","442,00","432,80","444,80","430,40","17,96K","1,42%"
"07.05.2018","435,80","430,00","435,80","430,00","14,09K","1,59%"
"04.05.2018","429,00","442,00","445,00","428,40","19,24K","-4,84%"
"02.05.2018","450,80","440,00","451,00","440,00","14,28K","4,98%"
"30.04.2018","429,40","440,00","451,00","429,40","15,95K","-3,64%"
"27.04.2018","445,60","446,20","452,80","436,60","25,20K","-0,62%"
"26.04.2018","448,40","442,00","450,00","442,00","10,24K","1,68%"
"25.04.2018","441,00","436,00","444,40","436,00","9,44K","0,00%"
"24.04.2018","441,00","450,00","450,00","436,40","12,66K","-0,54%"
"23.04.2018","443,40","431,60","446,00","431,60","16,57K","-0,14%"
"20.04.2018","444,00","441,00","449,60","435,00","6,65K","-0,85%"
"19.04.2018","447,80","444,80","450,80","440,40","14,51K","1,04%"
"18.04.2018","443,20","440,00","444,40","438,00","9,50K","0,91%"
"17.04.2018","439,20","434,60","439,20","432,40","6,54K","1,76%"
"16.04.2018","431,60","436,00","437,20","430,20","3,47K","-0,51%"
"13.04.2018","433,80","440,00","441,20","431,60","8,54K","-1,41%"
"12.04.2018","440,00","444,60","445,00","431,40","10,44K","-1,08%"
"11.04.2018","444,80","437,20","448,60","437,20","11,19K","1,78%"
"10.04.2018","437,00","436,00","439,20","428,80","10,73K","0,92%"
"09.04.2018","433,00","433,00","433,00","423,40","14,46K","0,46%"
"06.04.2018","431,00","434,20","435,40","424,20","19,02K","-1,06%"
"05.04.2018","435,60","427,80","436,60","427,80","11,73K","1,07%"
"04.04.2018","431,00","430,20","435,80","422,00","13,80K","-1,28%"
"03.04.2018","436,60","418,80","439,00","418,80","21,00K","4,25%"
"29.03.2018","418,80","433,40","433,40","417,60","22,92K","-1,09%"
"28.03.2018","423,40","428,00","437,00","423,20","21,79K","-1,26%"
"27.03.2018","428,80","440,00","441,60","428,80","10,43K","-0,05%"
"26.03.2018","429,00","425,00","438,00","424,80","12,64K","1,27%"
"23.03.2018","423,60","423,00","432,60","421,00","33,82K","-0,75%"
"22.03.2018","426,80","437,00","445,40","424,20","22,71K","-2,69%"
"21.03.2018","438,60","430,00","438,60","428,00","21,56K","3,01%"
"20.03.2018","425,80","430,00","431,80","420,20","39,61K","-0,75%"
"19.03.2018","429,00","440,80","444,80","426,00","14,20K","-3,68%"
"16.03.2018","445,40","447,00","455,40","440,00","60,78K","-1,15%"
"15.03.2018","450,60","448,20","453,80","447,00","7,72K","0,54%"
"14.03.2018","448,20","450,00","458,40","446,00","8,69K","-2,65%"
"13.03.2018","460,40","456,80","468,00","455,60","13,36K","0,83%"
"12.03.2018","456,60","456,00","456,60","450,80","8,85K","1,11%"
"09.03.2018","451,60","448,40","453,60","442,40","18,75K","0,71%"
"08.03.2018","448,40","453,00","459,60","447,60","13,88K","-1,67%"
"07.03.2018","456,00","444,20","457,80","444,20","16,96K","0,88%"
"06.03.2018","452,00","453,00","457,80","447,20","11,98K","0,00%"
"05.03.2018","452,00","445,40","456,20","442,20","19,42K","1,53%"
"02.03.2018","445,20","446,60","449,00","437,60","19,24K","-1,29%"
"01.03.2018","451,00","465,00","465,00","449,00","24,41K","-1,53%"
"28.02.2018","458,00","457,00","472,60","457,00","40,15K","-0,35%"
"27.02.2018","459,60","465,20","467,40","454,60","18,96K","-1,96%"
"26.02.2018","468,80","484,00","484,00","465,80","11,32K","-1,72%"
"23.02.2018","477,00","490,80","493,60","474,00","14,19K","-3,21%"
"22.02.2018","492,80","472,20","492,80","472,20","20,96K","3,05%"
"21.02.2018","478,20","475,20","480,00","474,60","13,05K","-0,33%"
"20.02.2018","479,80","472,00","479,80","472,00","10,20K","1,05%"
"19.02.2018","474,80","475,00","482,80","471,60","7,42K","-0,34%"
"16.02.2018","476,40","488,00","488,00","473,00","19,91K","-0,54%"
"15.02.2018","479,00","485,00","487,00","479,00","7,32K","-0,95%"
"14.02.2018","483,60","492,00","492,00","479,00","17,27K","0,33%"
"13.02.2018","482,00","486,20","488,20","480,80","9,83K","-0,62%"
"12.02.2018","485,00","480,00","489,80","480,00","15,11K","1,04%"
"09.02.2018","480,00","477,00","486,40","475,00","23,57K","-1,07%"
"08.02.2018","485,20","512,50","514,00","485,00","17,70K","-1,18%"
"07.02.2018","491,00","495,60","499,20","482,20","28,92K","1,87%"
"06.02.2018","482,00","499,00","507,00","482,00","26,32K","-5,49%"
"05.02.2018","510,00","495,00","519,00","495,00","13,38K","1,90%"
"02.02.2018","500,50","517,50","518,00","500,50","11,33K","-3,93%"
"01.02.2018","521,00","519,00","528,00","513,50","13,72K","2,16%"
"31.01.2018","510,00","516,50","524,50","510,00","14,82K","-0,78%"
"30.01.2018","514,00","528,00","528,00","506,50","12,97K","-2,56%"
"29.01.2018","527,50","525,00","527,50","517,50","14,67K","-0,47%"
"26.01.2018","530,00","521,00","530,00","517,50","13,99K","1,53%"
"25.01.2018","522,00","532,00","532,00","521,00","13,13K","-1,04%"
"24.01.2018","527,50","534,00","534,50","523,00","9,07K","-1,12%"
"23.01.2018","533,50","525,00","538,00","523,00","21,80K","1,62%"
"22.01.2018","525,00","521,50","525,00","514,50","15,13K","-0,10%"
"19.01.2018","525,50","517,00","526,00","515,50","6,81K","1,64%"
"18.01.2018","517,00","522,50","522,50","516,00","23,00K","-0,77%"
"17.01.2018","521,00","507,50","521,00","507,50","21,67K","2,06%"
"16.01.2018","510,50","493,00","514,50","487,80","27,42K","3,68%"
"15.01.2018","492,40","487,20","492,40","484,40","3,50K","1,32%"
"12.01.2018","486,00","492,40","492,40","480,00","11,72K","-0,65%"
"11.01.2018","489,20","486,40","492,80","484,80","9,07K","0,66%"
"10.01.2018","486,00","489,60","492,00","482,80","13,09K","-0,74%"
"09.01.2018","489,60","502,00","502,00","486,60","18,48K","-2,66%"
"08.01.2018","503,00","496,00","503,00","495,00","14,06K","1,41%"
"05.01.2018","496,00","494,00","496,60","490,40","14,63K","0,40%"
"04.01.2018","494,00","485,20","494,00","483,80","35,57K","2,92%"
"03.01.2018","480,00","478,00","487,00","456,00","22,72K","3,23%"
"29.12.2017","465,00","475,00","475,00","464,25","15,32K","-2,11%"
"28.12.2017","475,00","484,00","486,50","472,60","11,45K","-2,26%"
"27.12.2017","486,00","476,50","487,00","476,50","11,59K","1,89%"
"22.12.2017","477,00","484,00","484,90","476,60","6,12K","-0,42%"
"21.12.2017","479,00","486,00","486,00","476,20","8,23K","-1,39%"
"20.12.2017","485,75","486,00","487,00","467,00","15,86K","0,18%"
"19.12.2017","484,90","484,80","487,00","480,05","17,71K","0,39%"
"18.12.2017","483,00","468,95","484,95","468,95","9,12K","3,00%"
"15.12.2017","468,95","487,00","487,00","467,05","47,11K","-3,86%"
"14.12.2017","487,80","474,90","487,80","465,00","13,94K","3,13%"
"13.12.2017","473,00","468,00","473,00","465,60","10,75K","0,47%"
"12.12.2017","470,80","460,50","470,80","455,05","12,66K","2,15%"
"11.12.2017","460,90","465,00","465,00","455,05","12,19K","-0,45%"
"08.12.2017","463,00","457,95","467,00","453,80","10,02K","3,26%"
"07.12.2017","448,40","460,00","465,30","445,10","18,22K","-2,46%"
"06.12.2017","459,70","465,80","472,45","459,50","22,33K","-2,07%"
"05.12.2017","469,40","475,00","479,80","468,00","4,55K","-2,19%"
"04.12.2017","479,90","466,00","483,00","465,00","13,01K","3,26%"
"01.12.2017","464,75","468,60","480,00","460,00","16,60K","-1,12%"
"30.11.2017","470,00","471,75","489,00","470,00","45,47K","-0,37%"
"29.11.2017","471,75","487,65","489,00","470,75","13,77K","-3,26%"
"28.11.2017","487,65","472,10","488,00","472,10","20,86K","2,15%"
"27.11.2017","477,40","466,90","479,00","465,20","8,06K","2,18%"
"24.11.2017","467,20","472,00","477,10","467,05","5,47K","-1,02%"
"23.11.2017","472,00","470,80","482,50","467,05","5,23K","-0,64%"
"22.11.2017","475,05","474,55","476,25","464,00","10,22K","0,11%"
"21.11.2017","474,55","477,95","481,00","472,15","26,84K","-1,34%"
"20.11.2017","481,00","472,80","481,00","466,10","15,17K","4,08%"
"17.11.2017","462,15","460,05","471,95","460,05","13,19K","0,58%"
"16.11.2017","459,50","457,00","464,00","443,05","14,12K","1,87%"
"15.11.2017","451,05","461,00","466,95","451,00","16,25K","-3,19%"
"14.11.2017","465,90","463,40","467,05","458,85","12,44K","0,19%"
"13.11.2017","465,00","456,05","474,95","456,05","13,08K","1,92%"
"10.11.2017","456,25","459,90","472,00","451,35","15,37K","0,22%"
"09.11.2017","455,25","466,00","469,05","450,00","15,77K","-2,22%"
"08.11.2017","465,60","480,00","480,00","460,05","10,39K","-2,80%"
"07.11.2017","479,00","459,00","480,00","458,00","34,53K","4,75%"
"06.11.2017","457,30","449,90","461,00","448,60","12,87K","1,94%"
"03.11.2017","448,60","454,15","458,00","448,55","7,27K","-2,04%"
"02.11.2017","457,95","460,50","462,40","451,30","11,90K","-0,54%"
"31.10.2017","460,45","450,20","462,00","450,20","18,21K","1,76%"
"30.10.2017","452,50","443,00","455,00","443,00","14,72K","2,14%"
"27.10.2017","443,00","436,65","445,80","435,95","18,18K","0,78%"
"26.10.2017","439,55","445,00","452,50","435,50","13,74K","-0,81%"
"25.10.2017","443,15","447,65","454,85","443,15","40,23K","-2,30%"
"24.10.2017","453,60","449,70","455,30","448,40","22,25K","0,24%"
"23.10.2017","452,50","449,40","457,40","445,60","23,70K","0,69%"
"20.10.2017","449,40","448,00","454,00","444,35","21,31K","-0,09%"
"19.10.2017","449,80","446,50","457,40","446,50","20,79K","2,20%"
"18.10.2017","440,10","450,10","455,00","440,10","16,49K","-2,34%"
"17.10.2017","450,65","465,20","465,20","450,25","19,34K","-3,05%"
"16.10.2017","464,85","450,00","465,10","445,00","21,77K","2,30%"
"13.10.2017","454,40","455,60","457,45","451,15","14,95K","-0,57%"
"12.10.2017","457,00","449,40","457,75","448,40","24,65K","1,96%"
"11.10.2017","448,20","439,20","450,00","438,15","30,57K","2,11%"
"10.10.2017","438,95","425,00","439,40","425,00","29,78K","3,48%"
"09.10.2017","424,20","419,40","424,50","418,00","5,62K","1,48%"
"06.10.2017","418,00","420,90","420,90","414,50","12,12K","0,72%"
"05.10.2017","415,00","413,00","418,45","405,55","7,36K","0,55%"
"04.10.2017","412,75","419,90","420,00","412,65","8,72K","-0,19%"
"03.10.2017","413,55","415,00","421,45","413,40","12,63K","-0,35%"
"02.10.2017","415,00","424,00","424,00","415,00","10,96K","-0,95%"
"29.09.2017","419,00","418,25","426,10","418,25","11,16K","-1,04%"
"28.09.2017","423,40","422,05","424,95","418,00","9,09K","0,09%"
"27.09.2017","423,00","427,00","431,45","423,00","7,99K","-1,41%"
"26.09.2017","429,05","430,75","432,30","422,00","6,78K","-0,71%"
"25.09.2017","432,10","434,00","437,90","432,10","7,31K","-1,80%"
"22.09.2017","440,00","434,90","440,00","432,20","9,79K","1,82%"
"21.09.2017","432,15","431,50","435,40","426,40","12,41K","0,75%"
"20.09.2017","428,95","432,00","432,00","422,00","11,53K","0,26%"
"19.09.2017","427,85","425,95","432,00","422,45","8,01K","0,85%"
"18.09.2017","424,25","429,00","433,65","422,45","5,39K","-1,25%"
"15.09.2017","429,60","426,70","431,95","423,00","39,47K","1,38%"
"14.09.2017","423,75","420,00","429,00","418,85","5,70K","0,89%"
"13.09.2017","420,00","422,00","426,45","417,20","12,78K","-0,47%"
"12.09.2017","422,00","420,05","432,00","420,00","12,67K","0,48%"
"11.09.2017","420,00","415,25","426,60","415,25","16,82K","-0,88%"
"08.09.2017","423,75","420,50","426,00","420,10","11,68K","0,77%"
"07.09.2017","420,50","415,00","427,00","415,00","16,18K","0,12%"
"06.09.2017","420,00","427,00","430,55","420,00","12,72K","-1,64%"
"05.09.2017","427,00","437,50","441,95","424,50","10,46K","-2,29%"
"04.09.2017","437,00","426,50","437,00","426,50","11,28K","1,59%"
"01.09.2017","430,15","432,00","438,00","430,00","9,60K","-1,79%"
"31.08.2017","438,00","440,00","440,00","433,60","13,27K","-0,02%"
"30.08.2017","438,10","444,00","444,80","432,70","15,60K","-0,21%"
"29.08.2017","439,00","440,00","444,55","431,55","15,47K","-0,45%"
"28.08.2017","441,00","436,30","442,00","428,05","21,53K","0,92%"
"25.08.2017","437,00","435,95","437,75","430,40","8,44K","0,76%"
"24.08.2017","433,70","421,10","435,00","419,55","18,19K","2,99%"
"23.08.2017","421,10","418,15","428,00","418,15","10,25K","0,04%"
"22.08.2017","420,95","418,10","424,80","416,00","9,25K","0,87%"
"21.08.2017","417,30","418,00","420,00","412,55","4,06K","0,00%"
"18.08.2017","417,30","413,00","419,40","412,00","12,06K","0,55%"
"17.08.2017","415,00","423,00","423,00","415,00","14,21K","-1,80%"
"16.08.2017","422,60","430,00","432,90","422,60","21,16K","-1,72%"
"14.08.2017","430,00","432,95","432,95","425,60","10,27K","-0,75%"
"11.08.2017","433,25","426,50","434,25","421,60","9,95K","1,24%"
"10.08.2017","427,95","430,10","433,40","426,75","10,84K","-0,50%"
"09.08.2017","430,10","434,00","439,25","430,00","9,57K","-3,13%"
"08.08.2017","444,00","428,25","444,00","428,00","7,61K","2,37%"
"07.08.2017","433,70","437,95","438,70","428,00","5,29K","-0,97%"
"04.08.2017","437,95","428,55","438,90","426,00","14,91K","2,91%"
"03.08.2017","425,55","434,10","435,95","424,50","35,82K","-2,42%"
"02.08.2017","436,10","455,20","458,10","436,10","40,82K","-4,31%"
"01.08.2017","455,75","454,20","458,05","448,00","18,36K","0,16%"
"31.07.2017","455,00","437,10","456,35","436,50","52,76K","2,88%"
"28.07.2017","442,25","446,95","446,95","434,00","24,65K","-1,06%"
"27.07.2017","447,00","455,05","455,50","440,00","22,68K","-2,83%"
"26.07.2017","460,00","463,80","463,80","454,40","6,90K","-0,83%"
"25.07.2017","463,85","469,75","469,75","457,45","9,25K","0,18%"
"24.07.2017","463,00","460,00","465,25","456,30","11,24K","0,65%"
"21.07.2017","460,00","471,85","471,85","460,00","8,66K","-1,21%"
"20.07.2017","465,65","476,90","477,20","430,00","22,25K","-0,93%"
"19.07.2017","470,00","476,95","476,95","462,55","19,48K","0,83%"
"18.07.2017","466,15","480,05","483,15","466,00","13,37K","-2,89%"
"17.07.2017","480,00","482,45","483,90","477,25","10,46K","1,05%"
"14.07.2017","475,00","475,00","481,70","472,70","13,69K","-1,51%"
"13.07.2017","482,30","472,85","482,30","469,90","18,35K","1,92%"
"12.07.2017","473,20","462,20","476,75","461,10","13,22K","2,65%"
"11.07.2017","461,00","457,95","461,80","457,00","14,57K","0,48%"
"10.07.2017","458,80","460,00","460,00","456,20","9,20K","0,17%"
"07.07.2017","458,00","455,05","459,95","454,75","12,12K","0,66%"
"06.07.2017","455,00","456,60","465,85","453,65","11,06K","-0,63%"
"05.07.2017","457,90","458,25","459,45","451,15","10,08K","0,63%"
"04.07.2017","455,05","467,00","467,00","455,05","15,03K","-4,23%"
"03.07.2017","475,15","462,00","475,15","455,20","8,23K","2,82%"
"30.06.2017","462,10","471,00","471,00","456,50","17,17K","-1,22%"
"29.06.2017","467,80","476,45","476,45","466,40","12,50K","0,60%"
"28.06.2017","465,00","472,40","479,85","465,00","8,76K","-2,52%"
"27.06.2017","477,00","464,95","480,00","461,80","19,68K","2,58%"
"26.06.2017","465,00","451,15","465,00","451,15","14,85K","3,89%"
"23.06.2017","447,60","459,90","462,85","447,60","10,35K","-2,69%"
"22.06.2017","459,95","459,00","461,55","454,65","7,14K","-0,34%"
"21.06.2017","461,50","455,00","461,50","449,50","26,93K","1,23%"
"20.06.2017","455,90","442,05","455,90","442,05","17,89K","1,19%"
"19.06.2017","450,55","453,95","453,95","444,35","14,90K","0,99%"
"16.06.2017","446,15","442,00","450,20","438,00","37,16K","0,94%"
"14.06.2017","442,00","436,55","446,80","436,45","16,52K","-0,16%"
"13.06.2017","442,70","431,50","445,45","430,10","10,19K","2,29%"
"12.06.2017","432,80","434,00","443,80","425,50","14,72K","-3,36%"
"09.06.2017","447,85","444,95","450,95","437,85","13,08K","0,44%"
"08.06.2017","445,90","435,85","448,10","433,00","36,24K","2,51%"
"07.06.2017","435,00","429,50","436,70","425,05","24,06K","1,28%"
"06.06.2017","429,50","436,95","436,95","422,10","25,24K","-1,40%"
"05.06.2017","435,60","446,95","448,10","432,20","13,99K","-1,89%"
"02.06.2017","444,00","430,40","444,00","428,15","12,86K","4,59%"
"01.06.2017","424,50","422,00","428,65","422,00","13,86K","0,59%"
"31.05.2017","422,00","430,10","432,95","418,25","43,88K","-1,53%"
"30.05.2017","428,55","438,00","438,20","423,05","24,24K","-1,96%"
"29.05.2017","437,10","428,00","437,10","428,00","6,80K","2,10%"
"26.05.2017","428,10","430,55","432,00","425,85","20,51K","-1,26%"
"25.05.2017","433,55","420,00","433,55","420,00","12,92K","3,23%"
"24.05.2017","420,00","416,00","420,00","413,15","18,11K","0,00%"
"23.05.2017","420,00","417,00","432,40","416,30","18,58K","-0,77%"
"22.05.2017","423,25","425,05","427,85","412,70","16,79K","-1,11%"
"19.05.2017","428,00","421,00","431,75","420,05","19,72K","0,71%"
"18.05.2017","425,00","432,40","439,15","418,25","18,29K","-1,72%"
"17.05.2017","432,45","431,80","435,85","426,10","22,66K","-1,65%"
"16.05.2017","439,70","442,00","449,45","431,10","19,83K","-0,52%"
"15.05.2017","442,00","445,00","445,00","439,35","8,96K","0,66%"
"12.05.2017","439,10","435,00","448,00","435,00","28,11K","1,05%"
"11.05.2017","434,55","443,05","448,00","434,00","72,50K","-1,47%"
"10.05.2017","441,05","457,95","457,95","441,05","21,91K","-4,10%"
"09.05.2017","459,90","443,65","459,90","442,30","20,52K","3,66%"
"08.05.2017","443,65","446,80","446,80","439,55","8,78K","-0,30%"
"05.05.2017","445,00","441,15","446,55","431,30","18,53K","-0,77%"
"04.05.2017","448,45","431,10","450,00","431,10","35,02K","2,39%"
"02.05.2017","438,00","434,70","440,00","426,10","20,32K","1,15%"
"28.04.2017","433,00","427,50","433,80","420,00","33,71K","1,27%"
"27.04.2017","427,55","422,55","427,95","414,35","19,57K","1,32%"
"26.04.2017","422,00","418,00","422,00","408,45","35,32K","0,73%"
"25.04.2017","418,95","400,10","424,40","398,15","64,24K","5,11%"
"24.04.2017","398,60","394,05","402,00","394,05","24,74K","1,54%"
"21.04.2017","392,55","394,00","394,60","390,25","29,92K","-0,52%"
"20.04.2017","394,60","390,00","394,60","385,00","25,41K","1,62%"
"19.04.2017","388,30","377,95","389,65","374,50","36,99K","3,27%"
"18.04.2017","376,00","380,00","385,00","372,65","11,82K","-0,59%"
"13.04.2017","378,25","375,40","379,05","374,10","12,35K","-0,45%"
"12.04.2017","379,95","369,70","380,95","369,70","20,55K","2,79%"
"11.04.2017","369,65","379,70","382,00","366,80","24,76K","-1,99%"
"10.04.2017","377,15","384,00","385,65","376,60","10,11K","-1,59%"
"07.04.2017","383,25","384,00","388,75","380,90","10,95K","-1,38%"
"06.04.2017","388,60","381,05","389,90","381,05","19,45K","-0,70%"
"05.04.2017","391,35","385,50","392,40","380,15","36,70K","1,52%"
"04.04.2017","385,50","378,50","385,80","375,60","24,48K","2,00%"
"03.04.2017","377,95","375,50","380,00","371,20","17,13K","1,19%"
"31.03.2017","373,50","384,70","386,95","373,50","27,57K","-2,62%"
"30.03.2017","383,55","392,00","392,00","382,30","19,22K","-1,89%"
"29.03.2017","390,95","397,15","403,50","387,65","22,03K","-2,21%"
"28.03.2017","399,80","391,00","399,80","387,50","43,53K","3,23%"
"27.03.2017","387,30","387,05","395,25","387,05","14,21K","-3,13%"
"24.03.2017","399,80","394,10","399,80","393,95","25,53K","1,22%"
"23.03.2017","395,00","384,20","399,95","384,10","28,79K","2,84%"
"22.03.2017","384,10","387,00","393,95","384,10","24,08K","-1,47%"
"21.03.2017","389,85","395,30","403,95","387,15","23,68K","-0,80%"
"20.03.2017","393,00","400,50","400,50","393,00","11,38K","-1,63%"
"17.03.2017","399,50","406,80","406,80","399,50","61,47K","-1,31%"
"16.03.2017","404,80","404,95","406,75","399,40","20,85K","2,42%"
"15.03.2017","395,25","400,85","401,00","393,25","14,22K","-0,69%"
"14.03.2017","398,00","398,95","400,85","390,55","23,73K","-0,24%"
"13.03.2017","398,95","387,05","398,95","383,65","26,34K","3,35%"
"10.03.2017","386,00","395,00","398,95","383,25","24,21K","-1,03%"
"09.03.2017","390,00","404,85","405,00","386,65","36,02K","-3,92%"
"08.03.2017","405,90","391,50","405,90","391,50","24,87K","2,76%"
"07.03.2017","395,00","400,00","402,00","390,85","23,33K","-0,32%"
"06.03.2017","396,25","396,20","404,00","396,20","27,84K","-1,05%"
"03.03.2017","400,45","401,20","404,00","398,10","24,42K","-0,31%"
"02.03.2017","401,70","419,45","423,80","400,05","72,75K","-4,58%"
"01.03.2017","421,00","399,80","421,00","399,80","19,85K","6,26%"
"28.02.2017","396,20","404,75","407,40","396,00","33,82K","-2,43%"
"27.02.2017","406,05","408,00","410,70","402,05","10,84K","0,00%"
"24.02.2017","406,05","424,50","429,90","402,65","26,90K","-4,35%"
"23.02.2017","424,50","426,85","430,45","418,00","20,16K","-0,59%"
"22.02.2017","427,00","419,90","427,00","416,35","21,50K","1,69%"