Data,otwarcie,Zamknięcie,Maks.,Min.,Obrót (mln. zł),Zmiana (%)
2021-03-19,63.12,63.68,64.72,63.08,125.26,-2.24
2021-03-18,65.1,65.14,66.48,64.2,71.44,-0.31
2021-03-17,65.98,65.34,66.16,62.5,202.34,-1.69
2021-03-16,68.42,66.46,69.1,66,95.77,-2.78
2021-03-15,69.1,68.36,70.2,68.32,58.62,-0.18
2021-03-11,69.6,68.48,70.9,67.56,127.11,-1.38
2021-03-10,67.8,69.44,69.88,67.32,165.1,3.55
2021-03-09,66.72,67.06,67.9,66.3,137.44,0.6
2021-03-08,64.9,66.66,67.4,64.6,218.27,4.55
2021-03-05,61.02,63.76,64.9,61.02,198.04,3.71
2021-03-04,60,61.48,61.8,59.6,99.07,2.13
2021-03-03,60.92,60.2,61.74,60.18,72.76,-1.15
2021-03-02,60.4,60.9,61.16,59.7,63.83,0.83
2021-03-01,60,60.4,60.5,59.22,65.9,2.65
2021-02-26,58.26,58.84,59.5,58.1,115.84,-1.8
2021-02-25,61,59.92,61.46,59.9,85,-0.07
2021-02-24,60.02,59.96,60.34,59.24,88.29,0.4
2021-02-23,59.9,59.72,61.44,58.78,83.92,0.34
2021-02-22,60.3,59.52,60.46,59.36,41.67,-1.91
2021-02-19,59.32,60.68,60.92,59.2,67.51,2.81
2021-02-18,61.08,59.02,61.56,59.02,77.14,-3.47
2021-02-17,61.6,61.14,62.3,60.74,71.08,-0.75
2021-02-16,60.78,61.6,61.8,60.4,95.07,2.02
2021-02-15,60.74,60.38,61.24,60,49.02,1.04
2021-02-12,59.44,59.76,59.82,58.36,34.01,0.54
2021-02-11,59.6,59.44,60.2,58.8,55.63,0
2021-02-10,60.86,59.44,61.3,58.76,60.23,-1.62
2021-02-09,60.1,60.42,61.72,59.22,112.59,0.77
2021-02-08,59.42,59.96,60.26,58.4,84.47,2.08
2021-02-05,59.18,58.74,59.88,58.56,43.35,0.44
2021-02-04,60,58.48,60.62,58.48,65.8,-0.75
2021-02-03,59.2,58.92,60,58.24,49.85,-0.2
2021-02-02,58.02,59.04,59.48,57.9,69.03,3.25
2021-02-01,56.5,57.18,58.26,56.24,68.98,2.07
2021-01-29,57.5,56.02,57.58,56,142.61,-3.41
2021-01-28,56.6,58,58.56,56.2,73.57,1.4
2021-01-27,58.7,57.2,59.38,56.9,80.56,-2.39
2021-01-26,57.56,58.6,59.66,56.58,62.77,1.21
2021-01-25,60,57.9,60.22,57.5,60.44,-2.98
2021-01-22,59.5,59.68,60.1,58.1,87.53,-0.73
2021-01-21,60.5,60.12,61.1,59.6,57.31,-0.6
2021-01-20,60.7,60.48,61.2,59.62,52.49,-0.3
2021-01-19,62.4,60.66,62.7,60.5,48.69,-1.69
2021-01-18,59.8,61.7,61.78,58.6,70.86,2.73
2021-01-15,61.48,60.06,61.68,59.28,77.47,-3.04
2021-01-14,61,61.94,62.3,60.2,55.11,0.98
2021-01-13,63.88,61.34,63.94,61.12,75.39,-3.04
2021-01-12,64,63.26,64.5,62.3,87.38,-0.25
2021-01-11,64,63.42,64.2,62.5,75.73,-0.88
2021-01-08,63,63.98,64.98,62.74,129.46,1.72
2021-01-07,61.42,62.9,62.9,60.8,132.49,5.54
2021-01-05,58.7,59.6,60.18,58.1,86.62,1.05
2021-01-04,58.94,58.98,60.62,58.62,61.45,2.18
2020-12-31,57.72,57.72,57.72,57.72,0,0
2020-12-30,59.2,57.72,59.3,57.6,84.28,-2.5
2020-12-29,60,59.2,61,58.84,50.72,-0.67
2020-12-28,58.56,59.6,59.94,58.5,49.35,3.8
2020-12-24,57.42,57.42,57.42,57.42,0,0
2020-12-23,56.74,57.42,58,56.34,41.01,2.06
2020-12-22,54.94,56.26,56.5,54.24,61.39,2.59
2020-12-21,57.4,54.84,57.48,53.52,116.17,-6.22
2020-12-18,58,58.48,59.44,57.9,116.72,-0.03
2020-12-17,60.32,58.5,60.9,56.9,136,-2.6
2020-12-16,59.96,60.06,61.5,59.72,60.61,0.27
2020-12-15,60,59.9,60.44,59.06,68.66,-1.58
2020-12-14,62.04,60.86,63.2,60.22,71.72,-1.74
2020-12-11,62.1,61.94,62.1,59.76,130.92,-0.06
2020-12-10,61.76,61.98,62.36,60.1,132.5,0.45
2020-12-09,60,61.7,62.5,59.9,158.53,2.83
2020-12-08,59.5,60,60.68,58.8,127.47,0.67
2020-12-07,57.64,59.6,59.86,56.88,156.19,3.65
2020-12-04,56.42,57.5,57.6,55.68,94.75,3.64
2020-12-03,56.5,55.48,56.78,55.48,81.86,-1.49
2020-12-02,57.24,56.32,57.24,55.26,90.96,-1.16
2020-12-01,57,56.98,57.48,55.8,133.42,2.96
2020-11-30,52.8,55.34,58.08,50.68,425.21,3.4
2020-11-27,53.8,53.52,53.8,52.6,45.73,-0.89
2020-11-26,53.52,54,54.18,53.16,38.63,0.93
2020-11-25,54.52,53.5,55.2,53.2,102.39,-0.96
2020-11-24,53,54.02,54.38,52.92,111.76,2.82
2020-11-23,51.8,52.54,52.88,50.6,90.93,5
2020-11-20,50.3,50.04,50.44,48.35,134,-0.48
2020-11-19,51.6,50.28,51.78,50.04,81.01,-4.05
2020-11-18,50.36,52.4,52.46,49.85,91.58,4.05
2020-11-17,49.99,50.36,51.88,49.01,178.6,1.53
2020-11-16,46.84,49.6,49.68,46.61,131.51,8.39
2020-11-13,46.85,45.76,46.85,45.2,53.75,-2.47
2020-11-12,47.82,46.92,49,45.58,124.53,-2.13
2020-11-10,46,47.94,49.79,45.1,185.42,6.2
2020-11-09,40.12,45.14,45.4,39.52,177.53,14.39
2020-11-06,40.72,39.46,40.78,38.76,51.28,-3.24
2020-11-05,41.19,40.78,41.7,40.42,62.84,-0.56
2020-11-04,42.6,41.01,42.72,40.22,68.5,-4.12
2020-11-03,39.2,42.77,42.88,39.1,121.82,9.92
2020-11-02,38.52,38.91,38.99,38,47.81,2.13
2020-10-30,38.97,38.1,38.97,37.55,57.55,-2.28
2020-10-29,39.7,38.99,39.74,37.74,74.37,3.31
2020-10-28,38,37.74,39,37.2,50.35,-2.35
2020-10-27,40.2,38.65,40.3,38.09,73.67,-3.66
2020-10-26,41.28,40.12,41.58,40.12,33.82,-3.93
2020-10-23,42.02,41.76,42.7,41.54,57.7,-0.19
2020-10-22,41.5,41.84,42.19,41,35.49,0.1
2020-10-21,42.49,41.8,43.1,41.8,28.19,-1.53
2020-10-20,42.6,42.45,43.08,41.44,36.85,-0.45
2020-10-19,42.93,42.64,43.4,42.28,54.24,1.28
2020-10-16,40.82,42.1,42.45,40.02,50.38,3.19
2020-10-15,42.8,40.8,42.95,40.76,65.52,-5.77
2020-10-14,44,43.3,44.06,42.82,77.11,-1.46
2020-10-13,44.72,43.94,45,43.16,62.32,-1.7
2020-10-12,45.98,44.7,46.18,44.58,51.52,-2.47
2020-10-09,46.4,45.83,46.4,44.93,57.14,-1.78
2020-10-08,46.92,46.66,46.95,45.97,38.43,-0.21
2020-10-07,46.76,46.76,46.87,46.15,31.57,-0.06
2020-10-06,46.98,46.79,47.2,46.25,37.75,1.72
2020-10-05,44.8,46,46.64,44.8,44.95,4.69
2020-10-02,44.64,43.94,44.66,43.7,52.47,-2.05
2020-10-01,46.32,44.86,46.45,44.86,34.32,-2.16
2020-09-30,45.15,45.85,46.1,44.84,41.08,1.53
2020-09-29,46.66,45.16,46.8,45.02,39.05,-2.88
2020-09-28,45,46.5,46.67,44.49,42.72,4.66
2020-09-25,44.1,44.43,44.94,44.05,37.53,0.82
2020-09-24,45,44.07,45.08,43.85,43.74,-2.44
2020-09-23,45.05,45.17,46.26,45.02,39.68,-0.51
2020-09-22,46.55,45.4,46.8,44.8,57.07,-2.37
2020-09-21,48.12,46.5,48.59,46.26,46.18,-3.35
2020-09-18,49.89,48.11,49.89,48.11,80.54,-3.55
2020-09-17,49.44,49.88,49.88,47.55,63.73,4.57
2020-09-16,48.73,47.7,48.73,47.53,36.75,-1.85
2020-09-15,49,48.6,49.41,48.21,37.26,-0.63
2020-09-14,50.2,48.91,50.28,48.8,24.11,-1.21
2020-09-11,49.46,49.51,49.51,48.62,32,0.59
2020-09-10,49.8,49.22,50.08,48.3,34.57,-0.44
2020-09-09,48.3,49.44,49.82,48.19,94.97,2.79
2020-09-08,50.66,48.1,50.82,47.86,59.83,-4.64
2020-09-07,51,50.44,51,50,16.22,0.32
2020-09-04,50.12,50.28,51.22,50,28.68,-0.44
2020-09-03,50.56,50.5,51.2,50.2,36.23,0.4
2020-09-02,50.76,50.3,51.12,49.87,46.61,-0.04
2020-09-01,50.86,50.32,51.46,49.5,54.59,-0.63
2020-08-31,52.7,50.64,53.4,50.64,102.61,-3.4
2020-08-28,53.62,52.42,53.88,52.22,62.6,-2.75
2020-08-27,54.52,53.9,54.58,53.22,29.99,-0.7
2020-08-26,53.6,54.28,54.96,53.34,57.99,1.08
2020-08-25,53.7,53.7,55.18,53.54,68.36,0.98
2020-08-24,53.44,53.18,53.8,52.62,38.64,0.3
2020-08-21,54.16,53.02,54.26,52.8,33.46,-1.23
2020-08-20,52.58,53.68,54.78,52.3,43.16,2.09
2020-08-19,53.8,52.58,53.8,52.58,55.63,-1.94
2020-08-18,56.6,53.62,56.6,53.6,75.38,-5.23
2020-08-17,55.5,56.58,56.58,55.1,50.85,1.8
2020-08-14,55.86,55.58,56.3,54.76,34.96,-0.22
2020-08-13,55.62,55.7,57.72,55.4,73.51,0.43
2020-08-12,54.7,55.46,56.18,54.3,67,1.76
2020-08-11,53.56,54.5,54.78,53.02,59.91,2.44
2020-08-10,54,53.2,54.1,52.72,30.19,-0.82
2020-08-07,52.46,53.64,53.74,52.44,41.55,2.44
2020-08-06,54.08,52.36,54.52,51.52,65.52,-3.18
2020-08-05,54,54.08,55.58,53.4,57.9,1.31
2020-08-04,53.5,53.38,53.7,52.7,57.78,0.68
2020-08-03,53.54,53.02,53.82,52.44,37.65,-0.49
2020-07-31,53.2,53.28,54.5,52.28,57.68,0.53
2020-07-30,56.1,53,56.14,52.88,53.19,-5.73
2020-07-29,57.32,56.22,57.36,55.8,40.95,-1.92
2020-07-28,57.44,57.32,58.96,57,47.4,0.67
2020-07-27,57.82,56.94,57.88,56.64,39.27,-1.52
2020-07-24,57.4,57.82,57.82,56.64,45.85,0.35
2020-07-23,59.3,57.62,59.4,57.6,45.04,-1.97
2020-07-22,59.8,58.78,60,58.78,37.96,-1.61
2020-07-21,59.52,59.74,60.7,58.92,59.05,0.95
2020-07-20,59.24,59.18,59.84,58.14,52.72,-0.2
2020-07-17,59.76,59.3,59.98,58.24,44.4,-0.13
2020-07-16,57.4,59.38,59.64,56.74,96.92,3.23
2020-07-15,59.46,57.52,59.46,57.36,204.7,-1.68
2020-07-14,61.98,58.5,64.08,58.5,191.48,-4.69
2020-07-13,61.42,61.38,62.1,61,40.69,-0.07
2020-07-10,61,61.42,61.44,60,52.04,0.36
2020-07-09,62,61.2,62.18,60.86,70.97,-0.91
2020-07-08,63.16,61.76,63.22,61.22,112.67,-2.46
2020-07-07,64,63.32,64,63.1,49.18,-1.06
2020-07-06,64.7,64,64.88,63,76.85,0.88
2020-07-03,63.9,63.44,63.92,62.54,28.03,-0.13
2020-07-02,63.62,63.52,64.8,63.44,81.35,0.38
2020-07-01,63,63.28,63.32,61.8,54.18,1.05
2020-06-30,63.8,62.62,64.08,62.16,73.41,-1.54
2020-06-29,63.72,63.6,64.6,62.24,65.31,-0.19
2020-06-26,65,63.72,65.62,63.58,48.89,-1.39
2020-06-25,64,64.62,65.36,62.76,73.67,0.84
2020-06-24,66.4,64.08,66.42,64.08,66.11,-3.46
2020-06-23,65.8,66.38,67.36,65.78,64.07,1.93
2020-06-22,66.3,65.12,66.3,65,51.48,-1.69
2020-06-19,66.46,66.24,66.9,65.46,408.76,0.52
2020-06-18,66.1,65.9,66.86,64.8,104.43,-0.3
2020-06-17,67,66.1,67.2,65.02,106.71,-0.6
2020-06-16,64.12,66.5,67.26,64.12,98.88,5.99
2020-06-15,65.44,62.74,65.44,62.7,104.28,-5.46
2020-06-12,67,66.36,67.86,64.5,124.96,-4.55
2020-06-11,69.52,69.52,69.52,69.52,0,0
2020-06-09,71.5,69.52,71.78,69.08,103.57,-2.91
2020-06-08,73,71.6,73.5,71.08,117.22,-1.49
2020-06-05,68.94,72.68,73.4,68.88,177.05,5.58
2020-06-04,68.76,68.84,69.1,67.84,81.88,0.12
2020-06-03,68,68.76,69.54,67.82,105.93,1.42
2020-06-02,67.74,67.8,68,66.3,108.77,0.15
2020-06-01,67.8,67.7,68,66.5,41.2,1.41
2020-05-29,67,66.76,67.18,65.26,160.86,-1.04
2020-05-28,66.54,67.46,68.68,65.7,83.38,1.38
2020-05-27,66.3,66.54,69.5,66,124.19,1.03
2020-05-26,64.2,65.86,66.48,63.9,81.66,4.44
2020-05-25,63.28,63.06,63.78,62.88,12.62,0.9
2020-05-22,63.4,62.5,63.54,62.5,38.77,-1.85
2020-05-21,64.24,63.68,64.46,63.28,52.28,-1.36
2020-05-20,63.4,64.56,64.9,63.04,88.38,1.19
2020-05-19,65.26,63.8,65.6,63.56,87.39,-1.02
2020-05-18,61.6,64.46,64.6,61.5,89.94,6.26
2020-05-15,62.34,60.66,62.9,60.38,59.02,-1.17
2020-05-14,62.44,61.38,62.74,59.88,88.8,-2.17
2020-05-13,64.2,62.74,64.34,62.2,71.89,-2.79
2020-05-12,63,64.54,65,62.72,90.44,2.57
2020-05-11,62.82,62.92,63.72,62.1,56.62,0.16
2020-05-08,61.38,62.82,63.2,61.06,83.18,3.22
2020-05-07,58.72,60.86,61.24,57.8,88.26,3.96
2020-05-06,60,58.54,60,57.52,203.45,-3.24
2020-05-05,59.8,60.5,61.16,59.8,80.63,1.65
2020-05-04,61.14,59.52,61.28,59.44,81.07,-4.55
2020-04-30,61.98,62.36,63.4,61.7,156.03,1.53
2020-04-29,61.02,61.42,61.98,59.82,103.88,1.49
2020-04-28,59.62,60.52,61.3,58.24,68.66,1.82
2020-04-27,61.48,59.44,61.48,58.5,66.36,-2.3
2020-04-24,61.1,60.84,61.5,60.76,55.47,-1.01
2020-04-23,61.5,61.46,61.8,60.48,89.91,0.99
2020-04-22,59,60.86,61.3,57.52,94.74,3.15
2020-04-21,61.2,59,61.2,58.2,74.55,-4.68
2020-04-20,62,61.9,62.42,60.24,105.4,1.08
2020-04-17,61.5,61.24,61.78,60.16,133.41,2.07
2020-04-16,60.34,60,61.34,59.2,195.52,-3.23
2020-04-15,65.6,62,65.6,61.92,115.22,-4.7
2020-04-14,66,65.06,66.08,64.04,162.38,0.31
2020-04-13,64.86,64.86,64.86,64.86,0,0
2020-04-10,64.86,64.86,64.86,64.86,0,0
2020-04-09,65.9,64.86,66.58,63.2,129.87,0.09
2020-04-08,65.2,64.8,66.42,63.2,142.06,-0.15
2020-04-07,64.8,64.9,67.92,64.8,177.29,1.72
2020-04-06,63.24,63.8,64,61.52,149.56,4.83
2020-04-03,61,60.86,63.84,59.58,461.01,1.1
2020-04-02,58.08,60.2,62.66,57.4,248.68,8.31
2020-04-01,54,55.58,55.94,53,107.16,-0.22
2020-03-31,53,55.7,55.7,52.36,152.29,6.14
2020-03-30,52.36,52.48,53.34,50.72,76.72,1.04
2020-03-27,52.9,51.94,53.32,51.42,88.97,-1.81
2020-03-26,50.7,52.9,52.9,50.1,78.51,3.32
2020-03-25,52.42,51.2,52.46,49.68,68.43,2.2
2020-03-24,52.5,50.1,52.6,49.66,78.13,0.76
2020-03-23,52,49.72,53.38,49.11,70.23,-5.44
2020-03-20,52.7,52.58,53.68,51.68,186.06,4.12
2020-03-19,48.5,50.5,50.7,47.72,91.74,5.49
2020-03-18,50,47.87,51.4,47,102.11,-3.21
2020-03-17,49.64,49.46,51.5,47.5,142.47,3.04
2020-03-16,45.69,48,49.3,42.67,133.89,5.08
2020-03-13,44.4,45.68,51.38,43.42,130.25,-11.16
2020-03-12,51.42,51.42,51.42,51.42,0,0
2020-03-11,51.42,51.42,51.42,51.42,0,0
2020-03-10,55.86,51.42,56.28,51.06,117.25,-5.2
2020-03-09,50,54.24,56.12,49.28,168.71,-0.18
2020-03-06,56.26,54.34,56.5,53.52,97.94,-4.43
2020-03-05,60.4,56.86,60.6,56.56,100.88,-3.69
2020-03-04,62,59.04,62,59.04,101.87,-5.17
2020-03-03,61.8,62.26,62.8,60.62,111.84,2.81
2020-03-02,61.5,60.56,62.2,59.56,123.89,3.27
2020-02-28,59.5,58.64,59.76,55.04,176.92,-3.71
2020-02-27,66.16,60.9,66.62,59.7,87,-8.56
2020-02-26,68.28,66.6,68.64,65.9,101.74,-2.52
2020-02-25,69.8,68.32,70.28,68.3,98.39,-2.12
2020-02-24,72.1,69.8,72.32,69.38,72.14,-4.77
2020-02-21,72.54,73.3,73.72,72.44,62.63,0.58
2020-02-20,73.5,72.88,73.72,72.5,95.04,-0.76
2020-02-19,75.5,73.44,75.78,73.26,119.2,-2.73
2020-02-18,75,75.5,76.46,74.8,92.64,-0.4
2020-02-17,76.78,75.8,77.1,75.52,28.06,-0.26
2020-02-14,75,76,76.66,75,105.54,1.9
2020-02-13,74.4,74.58,74.58,72.7,45.83,0.19
2020-02-12,74,74.44,74.76,73.32,83.83,0.76
2020-02-11,72.5,73.88,74,70.98,172.49,1.82
2020-02-10,74.14,72.56,74.26,72.04,118.59,-2.94
2020-02-07,73.9,74.76,74.76,72.8,58.78,1.16
2020-02-06,76.88,73.9,77.68,73.82,72,-3.55
2020-02-05,74.5,76.62,76.84,73.9,95.33,2.93
2020-02-04,73.56,74.44,75,73.3,79.19,1.97
2020-02-03,75.48,73,75.6,71.82,146.5,-3.52
2020-01-31,76,75.66,76.12,74.52,126.05,-0.45
2020-01-30,76,76,77.98,74.8,148.67,-4.14
2020-01-29,81.9,79.28,82.16,78.72,125.36,-2.87
2020-01-28,83,81.62,83.22,81.18,122.99,-1.16
2020-01-27,84.8,82.58,85.46,82.58,81.77,-3.44
2020-01-24,85.86,85.52,86.5,85.52,50.67,0.05
2020-01-23,84.9,85.48,86.78,84.9,125.63,0.56
2020-01-22,85.72,85,86,85,55.28,0.07
2020-01-21,85.64,84.94,86.2,84.86,70.04,-0.93
2020-01-20,85.76,85.74,86.24,85.72,40.98,-0.58
2020-01-17,85,86.24,86.6,85,60.78,0.77
2020-01-16,85.42,85.58,86,84.82,89.73,0.59
2020-01-15,85.02,85.08,85.66,84.66,191.57,-0.35
2020-01-14,86.02,85.38,86.44,84.54,202.74,-1.09
2020-01-13,85.98,86.32,86.44,85.44,120.26,1.03
2020-01-10,85,85.44,85.54,84.52,54.76,0.92
2020-01-09,82.7,84.66,84.7,82.3,102.7,3.83
2020-01-08,82.02,81.54,82.64,81.3,64.79,-0.92
2020-01-07,85.88,82.3,85.98,82.16,129.4,-3.99
2020-01-03,86.5,85.72,86.64,84.8,62.49,-1.43
2020-01-02,86.5,86.96,87.28,85.7,55.86,1.33
2019-12-31,85.82,85.82,85.82,85.82,0,0
2019-12-30,85.98,85.82,86.4,85.24,37.16,-0.14
2019-12-27,85.48,85.94,86.5,85.48,30.83,0.94
2019-12-24,85.14,85.14,85.14,85.14,0,0
2019-12-23,84.28,85.14,85.64,84.26,42.59,1.24
2019-12-20,85.46,84.1,85.88,83.9,151.01,-1.45
2019-12-19,84.4,85.34,85.4,84.24,70.07,1.23
2019-12-18,84.9,84.3,85.08,83.62,58.75,-0.28
2019-12-17,83.7,84.54,84.92,83.26,82.56,1.05
2019-12-16,85.8,83.66,85.8,83.62,65.01,-2.33
2019-12-13,84.62,85.66,85.98,84.06,97.58,2.02
2019-12-12,82,83.96,84,81.46,100.34,2.92
2019-12-11,81.36,81.58,82.6,80.72,57.68,0.74
2019-12-10,81.88,80.98,81.9,79.5,98.94,-0.98
2019-12-09,82.3,81.78,82.6,80.5,75.06,-0.41
2019-12-06,79.9,82.12,83.62,77.6,281.53,-6.3
2019-12-05,88.52,87.64,89.42,87.16,67.36,-0.97
2019-12-04,89.92,88.5,90.94,87.84,54.43,-0.85
2019-12-03,91.02,89.26,91.38,89.2,58.73,-2.43
2019-12-02,93.62,91.48,93.62,90.2,84.49,-1.53
2019-11-29,92.36,92.9,92.9,92.18,47.39,0.58
2019-11-28,93,92.36,93.24,92.04,32.27,-0.69
2019-11-27,93.62,93,94.04,92.26,61.64,-0.47
2019-11-26,94.4,93.44,94.54,93.18,160.13,-0.81
2019-11-25,94.12,94.2,95.74,93.88,88.11,0
2019-11-22,94.04,94.2,95.5,93.8,62.49,0.06
2019-11-21,96,94.14,96,93.8,71.7,-2.75
2019-11-20,97,96.8,97.18,93.08,148.78,-0.45
2019-11-19,100.95,97.24,101.45,97.02,108.53,-4.24
2019-11-18,102.25,101.55,103,100.6,51.95,-0.73
2019-11-15,101.9,102.3,103.85,101.45,69.28,0.24
2019-11-14,102.3,102.05,103,101.05,54.83,-0.39
2019-11-13,102.4,102.45,102.75,100.8,63.45,0.39
2019-11-12,105.8,102.05,105.9,100.85,115.13,-3.27
2019-11-08,105.35,105.5,106.35,104.9,75.93,-0.33
2019-11-07,108.3,105.85,108.65,105.3,67.38,-1.53
2019-11-06,107.9,107.5,109,107,48.09,-1.42
2019-11-05,107.95,109.05,109.05,107.25,60.92,0.65
2019-11-04,105.6,108.35,108.35,104.65,77.68,3.78
2019-10-31,106.8,104.4,106.8,103.1,84.69,-1.69
2019-10-30,106.1,106.2,106.5,104.7,47.55,-0.28
2019-10-29,105.6,106.5,106.6,104.8,81.23,0.85
2019-10-28,103.35,105.6,106.1,103.35,47.96,2.67
2019-10-25,103.6,102.85,104.4,102.7,50.73,-1.06
2019-10-24,106.5,103.95,107.35,102.55,105.95,-3.75
2019-10-23,107,108,108.5,106.75,95.62,0.14
2019-10-22,106.4,107.85,107.9,105.55,87.79,1.41
2019-10-21,104.3,106.35,107.2,103.7,115.23,1.77
2019-10-18,102.2,104.5,104.85,101.75,65.96,1.9
2019-10-17,102.8,102.55,102.9,101.05,33.79,0.49
2019-10-16,101,102.05,103.15,100.85,50.7,0.64
2019-10-15,101.85,101.4,101.9,100.5,47.85,0.3
2019-10-14,101.95,101.1,101.95,100.75,86.33,-0.54
2019-10-11,101.65,101.65,102.5,100.65,34.36,-0.29
2019-10-10,102.8,101.95,102.85,100.55,40.12,-1.02
2019-10-09,102.8,103,103.45,101.5,51.75,0.44
2019-10-08,100.7,102.55,102.55,100.35,62.05,1.74
2019-10-07,102,100.8,102,100.15,37.76,-1.08
2019-10-04,99.8,101.9,102.7,99.8,99.36,2.31
2019-10-03,96.84,99.6,100.3,96.84,89.81,1.86
2019-10-02,97.62,97.78,98.36,96.6,68.81,-0.79
2019-10-01,99.12,98.56,99.84,97.52,39.41,-0.14
2019-09-30,98.54,98.7,99.18,97.5,54.78,0.86
2019-09-27,98.5,97.86,99.16,97.4,29.94,-0.53
2019-09-26,98.04,98.38,99.36,97.2,61.54,0.51
2019-09-25,98.2,97.88,98.22,96.5,86.8,-0.85
2019-09-24,97.3,98.72,99.9,96.4,62.56,1.98
2019-09-23,96.16,96.8,97.28,95.5,58.45,0
2019-09-20,94.04,96.8,96.8,93.98,188.01,2.33
2019-09-19,92.62,94.6,94.82,92.62,62.64,1.09
2019-09-18,92.24,93.58,93.74,92.22,79,2.05
2019-09-17,94,91.7,95.2,90.5,126.74,-2.45
2019-09-16,93,94,94.16,92.36,138.63,0.38
2019-09-13,93.6,93.64,94.2,92.9,33.28,0.88
2019-09-12,94.5,92.82,94.86,91.5,80.78,-1.69
2019-09-11,94.06,94.42,94.76,93.32,56.24,-0.08
2019-09-10,91.3,94.5,94.74,90.7,112.5,3.62
2019-09-09,88.5,91.2,91.48,88,123.63,3.68
2019-09-06,87.52,87.96,88.08,86.94,52.22,0.64
2019-09-05,88,87.4,88.88,86.96,39.84,0.07
2019-09-04,88.96,87.34,90,87,64.9,-4.55
2019-09-02,91.22,91.5,92.22,90.52,32.31,0.95
2019-08-30,89.32,90.64,91.48,88.92,72.01,1.84
2019-08-29,89.56,89,91.84,88.76,54.46,-1.07
2019-08-28,89.6,89.96,89.96,87.04,72.22,1.51
2019-08-27,89.92,88.62,90.24,85.9,192.84,-1.38
2019-08-26,89,89.86,90.46,87.5,50.03,0.02
2019-08-23,89.94,89.84,91.1,88.32,56.64,0.38
2019-08-22,90,89.5,90.72,89.1,36.94,-0.38
2019-08-21,89,89.84,91.46,89,42.57,0.58
2019-08-20,89.86,89.32,90.1,88.3,67.95,-0.89
2019-08-19,90.08,90.12,91.44,88.7,36.03,1.81
2019-08-16,91.5,88.52,92.86,88.04,75.02,-1.73
2019-08-14,92.24,90.08,93.28,89.8,90.8,-3.62
2019-08-13,89.5,93.46,94.34,89.04,84.58,4.68
2019-08-12,91.42,89.28,91.72,89.02,59.24,-2.34
2019-08-09,94.52,91.42,94.52,91,75.9,-3.4
2019-08-08,94,94.64,94.94,92.92,68.58,1.87
2019-08-07,94.48,92.9,94.98,91.82,59.16,-1.15
2019-08-06,97,93.98,97.02,93.26,90.34,-2.17
2019-08-05,96.5,96.06,97.26,95.16,85.82,-0.85
2019-08-02,97.12,96.88,98.96,96.64,48.32,-1.14
2019-08-01,97.02,98,100.45,96.68,75.39,0.66
2019-07-31,96.24,97.36,99.7,96.24,76.08,1.16
2019-07-30,96.58,96.24,97.84,96.24,39.89,-0.43
2019-07-29,98.62,96.66,99.26,96.66,34.7,-2.17
2019-07-26,99.2,98.8,99.76,98.3,41.86,-0.4
2019-07-25,100.3,99.2,101.05,99.04,61.04,-1.05
2019-07-24,99.46,100.25,100.25,98.92,84.78,1.08
2019-07-23,99.3,99.18,99.76,98.12,112.85,0.38
2019-07-22,99.2,98.8,99.44,97.94,51.93,-0.04
2019-07-19,97.1,98.84,101.25,97,240.86,2.45
2019-07-18,95.72,96.48,97.08,95.72,89.55,0.5
2019-07-17,96.18,96,96.5,95.56,97.34,-0.62
2019-07-16,96.68,96.6,98.16,95.7,49.51,0.27
2019-07-15,97,96.34,98.92,95.52,83.38,-1.03
2019-07-12,96,97.34,97.54,94.8,77.49,2.14
2019-07-11,94.5,95.3,96.6,94.5,110.25,1.53
2019-07-10,93.62,93.86,95.5,93.18,92,0.6
2019-07-09,94.84,93.3,95.5,92.9,85,-2.3
2019-07-08,94.6,95.5,96.34,94.32,73.11,-0.21
2019-07-05,96.12,95.7,96.58,95.12,36.78,-0.62
2019-07-04,96,96.3,97.88,95.58,118.65,0.35
2019-07-03,90.58,95.96,96.26,90.1,180.61,5.99
2019-07-02,90.98,90.54,91.2,88.62,86.78,0.07
2019-07-01,90.74,90.48,91.98,90.26,40.21,0.56
2019-06-28,90.5,89.98,90.58,89.2,29.95,-0.16
2019-06-27,89.4,90.12,90.86,89.4,67.25,0.58
2019-06-26,90,89.6,90.38,89,59.01,-0.31
2019-06-25,90.36,89.88,90.82,89.24,53.48,-0.66
2019-06-24,89.52,90.48,90.94,89,89.57,2.17
2019-06-21,89.6,88.56,90.66,88.32,182.61,-1.14
2019-06-19,91,89.58,91.1,89.5,45.55,-1.28
2019-06-18,89.6,90.74,91.16,88.32,111.23,1.25
2019-06-17,89.68,89.62,89.78,89,53.74,0.43
2019-06-14,90.1,89.24,90.12,87,96.87,-0.98
2019-06-13,91.94,90.12,91.94,89.22,84.39,-1.72
2019-06-12,91.84,91.7,92.3,90.56,76.66,-0.82
2019-06-11,91.5,92.46,92.56,91,67.59,1.23
2019-06-10,90.9,91.34,91.8,90.22,82.88,1.29
2019-06-07,92.42,90.18,93.4,89.3,92.4,-2.78
2019-06-06,93.98,92.76,94.8,92.7,75,-1.84
2019-06-05,95.8,94.5,96.74,93.98,78.93,-0.84
2019-06-04,97,95.3,97.06,94.9,67.74,-1.35
2019-06-03,97,96.6,97.3,95.54,43.19,-0.19
2019-05-31,94,96.78,96.9,93,96.12,1.92
2019-05-30,94.58,94.96,95.98,94.4,66.43,0.27
2019-05-29,92.7,94.7,94.82,92.2,149.21,1.13
2019-05-28,91.5,93.64,96.26,91.26,223.37,2.92
2019-05-27,90.78,90.98,91.7,90.04,22.83,0.93
2019-05-24,89.1,90.14,90.6,88.22,62.14,1.37
2019-05-23,91.42,88.92,91.42,88.82,67.66,-3.05
2019-05-22,92.5,91.72,93.46,91.72,80.72,-0.99
2019-05-21,92.04,92.64,93.1,91.84,96.26,0.41
2019-05-20,93.5,92.26,93.8,91.5,76.56,-0.67
2019-05-17,90.32,92.88,93.58,90.06,76.75,2.65
2019-05-16,87.8,90.48,91.82,86.76,91.77,3.52
2019-05-15,87.96,87.4,87.96,86,60.71,0.18
2019-05-14,88.4,87.24,89.94,86.76,74.33,-0.23
2019-05-13,87.86,87.44,89.02,86.16,51.5,-0.39
2019-05-10,88.5,87.78,89.22,87.06,57.84,0.11
2019-05-09,91,87.68,91.32,87.32,90.17,-3.99
2019-05-08,93.24,91.32,93.6,90.5,86.03,-2.16
2019-05-07,97.38,93.34,97.38,93.34,59.59,-3.59
2019-05-06,97,96.82,97.48,95.88,70.28,-1.04
2019-05-02,98.4,97.84,99,97.44,40.24,-0.08
2019-04-30,99.48,97.92,99.64,97.88,80.53,-1.53
2019-04-29,99.8,99.44,100.2,98.3,43.19,0.22
2019-04-26,100.5,99.22,100.6,98.6,57.32,-1.57
2019-04-25,100.8,100.8,101.2,98.3,80.5,-0.54
2019-04-24,101.6,101.35,101.95,100.8,71.63,-0.25
2019-04-23,101.4,101.6,102.5,101.3,37.56,0.44
2019-04-22,101.15,101.15,101.15,101.15,0,0
2019-04-19,101.15,101.15,101.15,101.15,0,0
2019-04-18,102.3,101.15,102.65,100.95,53.84,-1.7
2019-04-17,101.65,102.9,103.5,101.3,62.28,1.28
2019-04-16,100.75,101.6,101.6,100.2,66.93,1.09
2019-04-15,101.35,100.5,101.35,99.82,62.62,-1.18
2019-04-12,100.85,101.7,101.9,100.4,39.63,1.19
2019-04-11,101.7,100.5,102.05,100.3,65.42,-1.52
2019-04-10,100.55,102.05,102.15,100.1,59.24,1.85
2019-04-09,99.3,100.2,101,98.82,81.32,0.97
2019-04-08,98.7,99.24,99.7,98.02,65.03,1.08
2019-04-05,101.55,98.18,103.25,98.18,59.86,-3.08
2019-04-04,103.3,101.3,103.8,101.3,70.48,-2.17
2019-04-03,100.65,103.55,104.05,99.9,66.73,4.09
2019-04-02,100.25,99.48,101.25,99,48.95,-0.46
2019-04-01,98.9,99.94,100.15,97.66,47.78,2.36
2019-03-29,98.9,97.64,99.3,97.6,74.16,-0.83
2019-03-28,98.14,98.46,98.6,97.88,54.71,0.24
2019-03-27,99.76,98.22,99.76,97,52.79,-0.91
2019-03-26,98.6,99.12,99.36,98.1,40.85,0.94
2019-03-25,99.5,98.2,100.15,98.1,49.42,-1.8
2019-03-22,101.15,100,101.8,100,60.92,-1.23
2019-03-21,101.45,101.25,101.45,99.96,51.28,0.25
2019-03-20,101.5,101,101.95,99.7,61.37,-0.98
2019-03-19,101.85,102,102.5,101.45,38.3,0.69
2019-03-18,102.9,101.3,103.45,101.3,45.92,-0.73
2019-03-15,102.5,102.05,104.45,101.75,241.46,0.2
2019-03-14,102.4,101.85,102.6,101.5,41.03,-0.05
2019-03-13,101.95,101.9,102.4,101.3,70.71,-0.49
2019-03-12,103.7,102.4,103.85,101.85,81.78,-0.29
2019-03-11,103.4,102.7,103.85,102.1,66.62,-0.29
2019-03-08,101.75,103,103.45,100.7,54.51,0.83
2019-03-07,102.55,102.15,103.65,101.8,48.92,-0.83
2019-03-06,101.6,103,103,101,44.66,1.58
2019-03-05,101.2,101.4,102.95,101.2,36.89,-0.1
2019-03-04,101.3,101.5,103.5,99.74,73.83,0.79
2019-03-01,102.5,100.7,102.9,100.7,53.48,-1.18
2019-02-28,103.3,101.9,103.85,101.15,110.24,-0.83
2019-02-27,105.6,102.75,106.1,102.6,60.55,-2.97
2019-02-26,105.6,105.9,106.35,104.7,62.48,-0.28
2019-02-25,105.8,106.2,106.8,104.45,54.3,0.57
2019-02-22,104.05,105.6,106.65,104.05,68.55,0.91
2019-02-21,104.5,104.65,105.35,103.05,71.11,-0.33
2019-02-20,101.8,105,105,101.55,66.61,4.06
2019-02-19,102,100.9,102.8,100.9,70.89,-0.88
2019-02-18,103.1,101.8,103.65,101.7,42.42,-1.5
2019-02-15,103.2,103.35,104.8,102.75,69.87,-0.58
2019-02-14,103,103.95,104.2,102.35,91.82,1.81
2019-02-13,104.75,102.1,105,101.6,63.18,-2.16
2019-02-12,103.05,104.35,105.1,103.05,42.06,1.51
2019-02-11,103.2,102.8,106.1,102.8,65.6,-0.48
2019-02-08,103.7,103.3,104.45,103,57.82,-1.15
2019-02-07,105.85,104.5,106.2,102.6,65.77,-1.6
2019-02-06,104.4,106.2,106.25,104.35,72.64,1.63
2019-02-05,103,104.5,104.9,103,61.99,0.67
2019-02-04,105.1,103.8,105.9,102.8,64.14,-1.14
2019-02-01,104.75,105,105.75,104.2,47.6,0.29
2019-01-31,105.5,104.7,106.8,104.2,97.18,-0.29
2019-01-30,106.05,105,106.55,103.2,85.63,-0.8
2019-01-29,105.3,105.85,106.85,104.25,105.11,0.67
2019-01-28,108.05,105.15,108.2,103.9,150.87,-2.32
2019-01-25,108.5,107.65,108.7,107,177.71,-0.28
2019-01-24,113,107.95,113.55,107.5,162.64,-5.1
2019-01-23,110.75,113.75,113.85,110.25,79.23,2.43
2019-01-22,110.2,111.05,112.2,109.8,102.14,0.59
2019-01-21,111.9,110.4,111.9,109.5,43.93,-1.12
2019-01-18,111.2,111.65,111.9,110.35,71.73,1.27
2019-01-17,111.6,110.25,111.75,109.7,78.59,-1.56
2019-01-16,111.3,112,112.2,110.25,82.31,0.81
2019-01-15,111.1,111.1,111.9,109.6,74.27,1
2019-01-14,109.4,110,110.9,108.1,83.18,-0.36
2019-01-11,109.6,110.4,112.7,109.6,196.34,1.28
2019-01-10,108,109,109.35,105.6,158.58,0.09
2019-01-09,109.2,108.9,109.3,107.55,71.1,0.37
2019-01-08,107.5,108.5,109.4,106.4,78.3,0.93
2019-01-07,104.7,107.5,107.5,104.5,86.45,3.71
2019-01-04,103,103.65,103.9,101.85,71.2,1.87
2019-01-03,106.5,101.75,106.8,101.7,91.33,-4.15
2019-01-02,108.15,106.15,108.15,105,62.17,-1.85
2018-12-31,108.15,108.15,108.15,108.15,0,0
2018-12-28,106.05,108.15,108.45,106,54.88,1.74
2018-12-27,105.6,106.3,107.65,104.6,48.8,2.11
2018-12-24,104.1,104.1,104.1,104.1,0,0
2018-12-21,107.5,104.1,108.6,101.5,184.96,-3.34
2018-12-20,107.25,107.7,109.95,106.65,95.97,-0.42
2018-12-19,107,108.15,109.45,106.05,107.43,1.41
2018-12-18,107.5,106.65,108.8,105.8,131.52,-0.61
2018-12-17,111.05,107.3,111.55,107.3,71.54,-3.98
2018-12-14,112,111.75,113.55,110.7,66.6,-1.54
2018-12-13,111,113.5,114.35,109.9,151.96,2.25
2018-12-12,106.8,111,111.1,105.9,142.73,4.72
2018-12-11,106.2,106,107.25,103.6,84.88,0.71
2018-12-10,106.3,105.25,108.45,105.25,58.93,-1.5
2018-12-07,107.85,106.85,109.35,105.8,48.63,-0.6
2018-12-06,108.5,107.5,109.5,107.3,68.61,-2.71
2018-12-05,107,110.5,110.7,106.65,52.82,1.47
2018-12-04,107.9,108.9,109.3,106.9,118.25,-0.18
2018-12-03,111,109.1,112.35,107.25,132.12,-0.91
2018-11-30,112.75,110.1,112.75,109.2,207.14,-2.44
2018-11-29,110.5,112.85,113.3,110.1,142.19,2.68
2018-11-28,105.35,109.9,110.5,105.25,109.99,3.97
2018-11-27,101.55,105.7,105.7,100,140.09,4.45
2018-11-26,102.2,101.2,103.9,100.65,51.87,-0.93
2018-11-23,104.05,102.15,105.5,101.6,60.41,-2.34
2018-11-22,102,104.6,105.05,100.5,63.48,2.1
2018-11-21,101.25,102.45,103.95,101.1,127.05,1.34
2018-11-20,101,101.1,101.9,99.4,93.29,-0.69
2018-11-19,99.3,101.8,101.8,98.1,100.72,2.83
2018-11-16,97.62,99,99.24,96.52,83.43,1.41
2018-11-15,98.98,97.62,99.42,97.16,49.26,-0.18
2018-11-14,95.04,97.8,99.4,95.04,86.6,2.28
2018-11-13,97.22,95.62,97.84,95.12,82.22,-0.85
2018-11-12,96.44,96.44,96.44,96.44,0,0
2018-11-09,93.82,96.44,97,92.56,89.35,2.6
2018-11-08,97.7,94,97.7,93.5,118.75,-3.71
2018-11-07,95.6,97.62,97.7,95.6,69.84,1.16
2018-11-06,96.62,96.5,97.78,95.02,89.06,0.33
2018-11-05,93.5,96.18,96.48,93.08,54.34,2.87
2018-11-02,93.4,93.5,94.26,92.68,96.56,1.37
2018-10-31,91.1,92.24,92.82,91.04,104.65,1.5
2018-10-30,88.42,90.88,90.88,88.06,137.3,2.43
2018-10-29,85.26,88.72,88.72,84.86,91.98,0.45
2018-10-25,90.2,88.32,90.84,88,109.35,-3.48
2018-10-24,91.46,91.5,92.46,90.6,74.56,0.55
2018-10-23,92.5,91,93.3,91,66.04,-2.59
2018-10-22,93.88,93.42,94.44,92.6,57.91,-0.45
2018-10-19,94.16,93.84,94.48,92.5,54.28,-0.17
2018-10-18,95.44,94,95.74,92.4,73.17,-1.2
2018-10-17,98.44,95.14,98.46,94.32,56.05,-2.56
2018-10-16,95.8,97.64,97.64,94.5,51.65,2.26
2018-10-15,96.3,95.48,96.42,94.3,34.59,-0.85
2018-10-12,94.8,96.3,96.8,93.88,117.83,2.86
2018-10-11,92.9,93.62,95.08,91.6,112.51,-0.95
2018-10-10,97.84,94.52,97.84,93.74,82.21,-3.39
2018-10-09,95.16,97.84,97.84,95,102.72,2.49
2018-10-08,97.5,95.46,97.8,92.8,77.66,-1.91
2018-10-05,99.7,97.32,99.7,96.9,99.54,-1.97
2018-10-04,98.5,99.28,99.88,97.62,80,0.61
2018-10-03,99.5,98.68,100.15,98.02,31.09,-0.28
2018-10-02,101.1,98.96,102.1,98.34,100.99,-3.64
2018-10-01,101.9,102.7,103.8,101.45,69.87,1.68
2018-09-28,101,101,102.55,99.16,80.92,-1.13
2018-09-27,100.2,102.15,102.4,99.3,105.58,2
2018-09-26,100.3,100.15,100.65,97.34,91.08,0
2018-09-25,100.8,100.15,104.85,100.15,118.28,-0.5
2018-09-24,97.66,100.65,101.3,97.66,92.79,3.08
2018-09-21,97.94,97.64,99.28,96.2,716.83,0.66
2018-09-20,99,97,99.34,96.5,125.4,-1.52
2018-09-19,101.1,98.5,101.15,97,147.12,-1.6
2018-09-18,100.5,100.1,101.7,99.82,85.59,-0.35
2018-09-17,99.2,100.45,101.3,98.8,106.19,1.04
2018-09-14,104.15,99.42,104.15,99.42,64.58,-3.85
2018-09-13,105,103.4,106.5,102.4,95.33,-0.82
2018-09-12,104.85,104.25,105.95,102.55,162.15,-0.57
2018-09-11,102.2,104.85,104.85,101.8,125.47,3.05
2018-09-10,103,101.75,103.8,100.5,45.71,-0.59
2018-09-07,101.15,102.35,103.6,100.6,79.78,1.19
2018-09-06,101.9,101.15,102.4,99.74,108.4,-0.83
2018-09-05,98.2,102,102.9,97.2,107.94,3.95
2018-09-04,100,98.12,101,97.9,56.24,-1.49
2018-09-03,98.5,99.6,100.7,98.14,39.73,1.38
2018-08-31,97.7,98.24,99.6,96.5,80.76,-0.47
2018-08-30,100.9,98.7,101.55,97.54,99.45,-1.94
2018-08-29,99.98,100.65,101.85,98.82,67.55,0.65
2018-08-28,99.2,100,101,97.34,71.67,0.81
2018-08-27,98.5,99.2,99.9,98.5,48.84,0.73
2018-08-24,96.6,98.48,98.52,95.7,46.25,1.88
2018-08-23,98.14,96.66,99.26,96.66,74.32,-1.57
2018-08-22,97.14,98.2,99.2,96.74,82.19,1.09
2018-08-21,97.98,97.14,97.98,96.48,60.35,-0.47
2018-08-20,95.98,97.6,98.96,95.9,57.79,1.96
2018-08-17,98.2,95.72,98.34,94.8,74.1,-2.43
2018-08-16,97,98.1,98.48,95.46,125.69,0.31
2018-08-14,96,97.8,98.36,95.66,91.41,2.6
2018-08-13,92,95.32,96.48,90.42,144.09,3.61
2018-08-10,93.1,92,93.9,91.6,91.2,-2.52
2018-08-09,93.02,94.38,94.38,92.48,36.23,1.29
2018-08-08,93.18,93.18,93.46,92.6,41.83,0.11
2018-08-07,93.46,93.08,93.8,92.06,37.18,-0.24
2018-08-06,93.66,93.3,93.78,92.08,26.66,-0.51
2018-08-03,91.92,93.78,93.98,91.92,40.15,2.22
2018-08-02,93.06,91.74,93.34,91.52,54.21,-1.42
2018-08-01,93,93.06,93.46,91.8,46.68,0.45
2018-07-31,95.3,92.64,95.3,92.46,71.57,-2.85
2018-07-30,93.32,95.36,95.44,92.9,49.68,2.25
2018-07-27,94.96,93.26,94.96,92.86,36.3,-1.29
2018-07-26,93,94.48,95.02,92.5,86.81,1.7
2018-07-25,90.7,92.9,93.4,88.36,69.05,2.45
2018-07-24,89.62,90.68,91.6,88.72,66.54,1.21
2018-07-23,87.22,89.6,90.5,86.62,69.62,2.99
2018-07-20,84.3,87,87.94,83.7,168.35,3.94
2018-07-19,81.2,83.7,83.7,81.1,73.74,-0.43
2018-07-18,84,84.06,84.44,83.42,44.68,0.21
2018-07-17,81.8,83.88,84,81.04,53.13,3.4
2018-07-16,82,81.12,82.52,81.12,22.51,-1.05
2018-07-13,82.16,81.98,82.2,81,32.01,0.96
2018-07-12,82.88,81.2,83,80.98,44.27,-1.58
2018-07-11,84.2,82.5,84.2,82.5,34.13,-2.16
2018-07-10,83.8,84.32,84.84,82.88,36.96,1.2
2018-07-09,85.94,83.32,85.94,82.7,27.88,-1.75
2018-07-06,84.32,84.8,85.66,83.66,46.51,0.95
2018-07-05,86.9,84,87.68,84,44.85,-3.74
2018-07-04,83.3,87.26,87.26,83.2,35.28,3.91
2018-07-03,82.08,83.98,84,82.08,29.38,2.67
2018-07-02,82.84,81.8,83.28,81.8,22.13,-2.69
2018-06-29,83.7,84.06,84.2,83,51.01,1.89
2018-06-28,82,82.5,84.3,81.2,58.19,0.24
2018-06-27,83.3,82.3,83.7,81.32,40.05,-1.6
2018-06-26,82.3,83.64,84.78,82.28,43.23,1.38
2018-06-25,82.2,82.5,83.76,82.02,25.63,-0.36
2018-06-22,83.3,82.8,84.16,82.16,82.38,-0.24
2018-06-21,82.64,83,84.34,81.52,80.65,0.85
2018-06-20,81.62,82.3,83.36,81.62,45.1,1.91
2018-06-19,81,80.76,82.32,80.2,75.86,-1.51
2018-06-18,84.4,82,85.7,81.6,37.86,-2.59
2018-06-15,85.42,84.18,85.6,83.72,151.82,-1.34
2018-06-14,85.3,85.32,85.84,84.4,53.36,-0.56
2018-06-13,87,85.8,87,84.9,55.37,-1.38
2018-06-12,85.32,87,87.1,84.3,44.28,2.18
2018-06-11,87.48,85.14,87.9,85.14,45.01,-2.54
2018-06-08,87,87.36,87.86,86,69.01,-0.16
2018-06-07,90,87.5,90.44,86.9,67.8,-1.13
2018-06-06,86.78,88.5,90.5,86.34,160.98,2.01
2018-06-05,84.5,86.76,86.76,84.04,80.71,5.83
2018-06-01,81.5,81.98,82.34,80.36,41.28,0.59
2018-05-30,81.76,81.5,82.98,80.76,195.83,-0.59
2018-05-29,85.02,81.98,85.1,81.9,79.93,-4.41
2018-05-28,85.2,85.76,85.76,84.18,19.04,1.88
2018-05-25,85.26,84.18,85.92,83.26,51.07,-0.54
2018-05-24,83.1,84.64,85.44,83.1,48.07,2.37
2018-05-23,83,82.68,83.86,81.78,43.46,-0.67
2018-05-22,86,83.24,86,83.24,65.24,-3.43
2018-05-21,84.2,86.2,86.2,83.6,52.58,2.62
2018-05-18,86.54,84,86.7,83.4,34.04,-2.8
2018-05-17,83.92,86.42,87.86,83.62,62.14,2.51
2018-05-16,85.56,84.3,86.46,83.96,49.28,-1.1
2018-05-15,87.12,85.24,87.5,85.16,50.07,-2.47
2018-05-14,86.5,87.4,87.74,85.14,24.62,1.04
2018-05-11,85.24,86.5,86.8,84.56,45.45,1.88
2018-05-10,86.5,84.9,86.52,82.04,92.38,-1.85
2018-05-09,82.3,86.5,86.7,81.74,75.45,5.1
2018-05-08,81.5,82.3,82.7,81.5,93.96,0.98
2018-05-07,85.22,81.5,85.24,81.5,33.57,-2.72
2018-05-04,86.2,83.78,86.8,83.2,89.85,-4.01
2018-05-02,89.92,87.28,89.92,87.28,62.08,-2.7
2018-04-30,90.2,89.7,91.54,89.02,26.91,-0.18
2018-04-27,90,89.86,90.6,89.2,31.46,-0.11
2018-04-26,86.4,89.96,89.96,85.56,34.72,3.76
2018-04-25,87.22,86.7,87.64,85.7,49.45,-0.6
2018-04-24,88.86,87.22,89.44,87.22,76.48,-1.93
2018-04-23,88.22,88.94,89.5,87.88,30.22,1.18
2018-04-20,89.24,87.9,90.9,87.9,57.96,-1.28
2018-04-19,88.1,89.04,89.56,88.1,52.08,0.66
2018-04-18,88,88.46,88.46,87.1,72.44,0.57
2018-04-17,91.32,87.96,91.66,87.5,84.07,-3.83
2018-04-16,91.78,91.46,92,90.48,26.05,0.51
2018-04-13,91.4,91,92.2,91,37.68,-0.33
2018-04-12,89.38,91.3,91.3,89.22,49.33,2.1
2018-04-11,88.8,89.42,90,87.7,93.8,0.43
2018-04-10,93.3,89.04,93.3,88.46,98.88,-1.46
2018-04-09,92.78,90.36,93.98,89.52,85.06,-2.61
2018-04-06,89.52,92.78,93.26,89.06,70.67,3.64
2018-04-05,87,89.52,90.6,87,71.99,4.29
2018-04-04,87.4,85.84,87.9,85.84,68.18,-1.85
2018-04-03,84.26,87.46,88.78,84.1,100.79,3.97
2018-03-29,84.56,84.12,84.88,83.32,66.93,0.62
2018-03-28,85.78,83.6,85.96,82.96,74.51,-3.04
2018-03-27,87,86.22,88.6,86.22,37.55,-0.9
2018-03-26,86.34,87,87.4,85.7,40.18,1.16
2018-03-23,87,86,87.32,85.34,109.59,-2.67
2018-03-22,90.02,88.36,90.36,88.16,53.29,-2.56
2018-03-21,86.14,90.68,91.18,86.14,141.44,5.15
2018-03-20,87.44,86.24,88.08,85.6,79.82,-1.66
2018-03-19,88.44,87.7,89.9,87.7,30.13,-0.84
2018-03-16,91.02,88.44,91.54,88.26,255.47,-3.03
2018-03-15,92.1,91.2,92.54,90.9,80.71,-0.63
2018-03-14,94.04,91.78,94.44,91.78,88.67,-3.1
2018-03-13,96,94.72,96.52,94.2,70.92,-1.09
2018-03-12,95,95.76,96.4,94.04,47.4,1.87
2018-03-09,92.1,94,94,90.3,70.27,2.17
2018-03-08,94,92,94,91.6,63.47,-2
2018-03-07,92.72,93.88,93.88,91.56,94.06,-0.13
2018-03-06,93.4,94,94.5,92.22,64.4,1.49
2018-03-05,92.52,92.62,95.2,91.62,112.88,-2.71
2018-03-02,95.4,95.2,96.74,94.12,51.3,-0.69
2018-03-01,96.46,95.86,97.94,95.5,123.84,-0.68
2018-02-28,98.76,96.52,99,96.26,132.28,-2.31
2018-02-27,94.28,98.8,102.35,92.22,286.3,5.22
2018-02-26,94.2,93.9,95.66,93.56,48.99,0.97
2018-02-23,93.58,93,95.06,92.74,84.18,-0.24
2018-02-22,94.54,93.22,94.54,91.5,99.55,-2.39
2018-02-21,95.68,95.5,95.68,93.32,61.57,0
2018-02-20,94,95.5,95.7,93.22,28.88,1.62
2018-02-19,94.1,93.98,95.4,93.34,27.36,-0.23
2018-02-16,95.46,94.2,95.46,93.72,56.14,-0.08
2018-02-15,97.16,94.28,97.88,94.28,78.01,-2.96
2018-02-14,96.9,97.16,97.72,96.18,84.45,0.85
2018-02-13,95.4,96.34,96.5,95.4,73.97,1.37
2018-02-12,94.98,95.04,96.34,94.52,57.56,1.65
2018-02-09,94.54,93.5,96.88,93.28,137.26,-1.6
2018-02-08,100.45,95.02,100.45,94.82,152.4,-5.64
2018-02-07,101.4,100.7,101.7,98.68,137.06,1.72
2018-02-06,99.4,99,102.8,96.18,234.64,-5.53
2018-02-05,103,104.8,104.8,100.35,117.97,1.6
2018-02-02,105.65,103.15,106.85,103.15,173.85,-4.4
2018-02-01,109.25,107.9,109.4,105.45,63.02,-0.55
2018-01-31,107.5,108.5,109.45,106.25,60.33,0.6
2018-01-30,108.5,107.85,109.45,106.75,94.21,-1.37
2018-01-29,109,109.35,109.5,108.2,60.89,-0.09
2018-01-26,106.6,109.45,109.55,105.75,103.65,3.79
2018-01-25,110,105.45,110,105.25,162.3,-5.26
2018-01-24,113.1,111.3,113.1,110.75,58.4,-1.5
2018-01-23,112.7,113,114.2,110.65,106.66,0.89
2018-01-22,107.4,112,112.45,107.35,94.22,2.94
2018-01-19,109.4,108.8,109.7,107.45,87.07,0.05
2018-01-18,110.2,108.75,110.5,108.55,68.64,-1.09
2018-01-17,109.35,109.95,110.9,108.35,88.54,0.5
2018-01-16,106.7,109.4,109.65,106,101.28,2.53
2018-01-15,106.5,106.7,107.65,106.05,33.8,-0.74
2018-01-12,107.5,107.5,108.7,106.35,76.76,0.42
2018-01-11,107,107.05,107.8,105.35,83.71,0.94
2018-01-10,107.25,106.05,107.5,105.2,56.81,-0.89
2018-01-09,110.9,107,111.2,106.65,89.46,-3.08
2018-01-08,107.4,110.4,110.6,106.7,58.37,3.52
2018-01-05,106.5,106.65,106.65,105.3,107,-0.33
2018-01-04,106.9,107,108.55,105.9,101.21,1.42
2018-01-03,106.8,105.5,108.6,104.25,96.39,-0.47
2017-12-29,109.6,106,110.3,106,55.33,-3.11
2017-12-28,112.5,109.4,113,109.4,45.96,-3.19
2017-12-27,111.5,113,113.65,111.1,32.04,1.66
2017-12-22,110.85,111.15,111.9,110.5,21.82,0.27
2017-12-21,108.25,110.85,111,108.2,48.95,2.92
2017-12-20,109.5,107.7,110,106.85,37.52,-1.24
2017-12-19,108.5,109.05,110.35,108.15,51.32,0.6
2017-12-18,106.65,108.4,108.5,105.95,55.41,2.07
2017-12-15,105.05,106.2,107.7,104.15,155.95,-0.05
2017-12-14,104.95,106.25,106.8,104.5,60.21,1
2017-12-13,105,105.2,107.25,103.75,66.68,0.24
2017-12-12,101.5,104.95,105,100.25,134.57,2.49
2017-12-11,111.35,102.4,111.65,102.4,106.53,-7.79
2017-12-08,112.65,111.05,113.35,110.4,39.61,-0.58
2017-12-07,113.65,111.7,114.15,110,102.1,-1.97
2017-12-06,110.9,113.95,113.95,108.6,121.67,2.75
2017-12-05,108,110.9,111.75,107,60,2.78
2017-12-04,107.35,107.9,111.3,104.95,84.9,1.12
2017-12-01,112,106.7,112.6,106.7,126.53,-3.7
2017-11-30,116.4,110.8,116.4,110.5,167.9,-4.48
2017-11-29,122,116,123,115.25,66.31,-4.61
2017-11-28,122.75,121.6,123.3,118.55,61.62,-0.73
2017-11-27,119.5,122.5,123.85,119,68.77,2.81
2017-11-24,122.05,119.15,123.35,118.85,40.25,-2.73
2017-11-23,119,122.5,122.75,119,37.95,2.04
2017-11-22,120.95,120.05,121.4,118.3,66.27,-0.46
2017-11-21,121.85,120.6,122.35,120.35,51.2,-0.66
2017-11-20,119.95,121.4,121.95,118.65,65.89,0.71
2017-11-17,115.9,120.55,120.55,115.75,56.4,3.97
2017-11-16,122.7,115.95,123.35,115.85,144.12,-4.96
2017-11-15,126,122,126.2,120.7,63.52,-4.01
2017-11-14,124.8,127.1,127.1,124.7,70.31,2.75
2017-11-13,124,123.7,124.9,122.1,66.75,-0.08
2017-11-10,122.95,123.8,125.4,122.55,67.8,0.98
2017-11-09,123.5,122.6,126.3,122.6,89,-0.53
2017-11-08,124.75,123.25,125,121.9,78.92,-0.64
2017-11-07,126,124.05,127.9,123.7,134.06,-1.55
2017-11-06,129.3,126,129.9,125.3,78.22,-2.1
2017-11-03,129.2,128.7,129.85,127.3,60.26,-0.31
2017-11-02,128.5,129.1,131.3,128.5,104.94,0.31
2017-10-31,130.7,128.7,130.95,128.15,85.26,-1.91
2017-10-30,129.8,131.2,132.25,129.7,56.84,1.2
2017-10-27,127.5,129.65,130.6,127.3,72.67,2.17
2017-10-26,125.4,126.9,127.05,125.35,65.77,1.44
2017-10-25,123.45,125.1,125.9,123.3,87.11,1.46
2017-10-24,123.7,123.3,123.85,121.75,93.35,-0.32
2017-10-23,122.2,123.7,124.7,122.05,90.85,1.64
2017-10-20,122.4,121.7,123.05,119.5,94.47,0.75
2017-10-19,124.9,120.8,125.35,120.8,170.11,-7.08
2017-10-18,131,130,132.2,129.9,136.95,-0.38
2017-10-17,131.3,130.5,131.8,129.95,103.2,-0.38
2017-10-16,132.1,131,132.4,128.85,77.07,-0.76
2017-10-13,130.7,132,132,130.4,54.51,0.92
2017-10-12,134.45,130.8,134.45,130.15,81.8,-2.39
2017-10-11,133.2,134,134.3,132.2,137.57,0.83
2017-10-10,132,132.9,132.9,130.8,89.71,1.45
2017-10-09,132,131,132.3,129.5,84.23,-0.38
2017-10-06,126.8,131.5,131.75,126.75,133.06,3.54
2017-10-05,124.7,127,127.6,123.85,47.43,1.84
2017-10-04,126,124.7,127.4,124.15,42.38,-0.87
2017-10-03,125.6,125.8,128.35,125.4,71.49,0.36
2017-10-02,122.1,125.35,125.8,122.1,61.68,3
2017-09-29,121.5,121.7,123.1,120.3,59.58,0.16
2017-09-28,122.7,121.5,123.3,120.55,74.79,-0.94
2017-09-27,122.75,122.65,123.2,121.2,57.92,0.45
2017-09-26,120.15,122.1,124.05,119.85,107.48,1.62
2017-09-25,120.3,120.15,122.2,119,40.44,-0.12
2017-09-22,119.5,120.3,121.1,117.55,132.08,-0.04
2017-09-21,126.25,120.35,126.7,120.25,105.77,-4.64
2017-09-20,125.55,126.2,126.8,125.3,50.39,0.8
2017-09-19,125.25,125.2,126.9,125.15,63.75,-1.46
2017-09-18,126.75,127.05,127.45,126.05,51.09,0.51
2017-09-15,126,126.4,127.65,125.2,202.43,0.32
2017-09-14,125.3,126,126.45,125,54.88,1.08
2017-09-13,126.5,124.65,128.9,124.5,108.78,-1.27
2017-09-12,126,126.25,126.3,124.95,106.92,0.2
2017-09-11,120,126,126.45,119.6,124.48,5.44
2017-09-08,118.65,119.5,119.75,118.1,59.78,0.59
2017-09-07,118.5,118.8,119.95,117.3,79.66,0.17
2017-09-06,117,118.6,118.6,117,111.23,1.37
2017-09-05,117.2,117,119.75,117,45.14,-0.17
2017-09-04,117.85,117.2,117.85,116.5,40.63,-1.35
2017-09-01,117.45,118.8,119.45,117.25,60.48,0.76
2017-08-31,118.5,117.9,119.6,117.35,66.15,-0.67
2017-08-30,118.35,118.7,120,117.75,76.48,0.68
2017-08-29,119.25,117.9,120.85,115.55,130.58,-1.63
2017-08-28,115.05,119.85,120.85,115.05,112.27,3.99
2017-08-25,115,115.25,116.9,114.95,97.35,1.05
2017-08-24,109.15,114.05,114.5,109.15,252.25,4.83
2017-08-23,107.75,108.8,109.1,107.35,61.44,1.02
2017-08-22,107.6,107.7,108.5,107,55.07,-0.28
2017-08-21,108,108,109.2,107.3,66.34,-0.32
2017-08-18,105.35,108.35,108.55,105.35,44.79,2.6
2017-08-17,107.6,105.6,108.55,105.6,54.1,-2
2017-08-16,106.7,107.75,109.45,106.55,70.56,1.03
2017-08-14,106.7,106.65,107.4,105.35,31.37,0.38
2017-08-11,106.45,106.25,107,106,50.48,-0.7
2017-08-10,107.35,107,107.8,106.5,57.42,-0.74
2017-08-09,108,107.8,108.1,106.45,54.05,-0.19
2017-08-08,105.55,108,108,105.35,63.95,2.37
2017-08-07,106.2,105.5,107,105.15,41.76,-0.61
2017-08-04,106.95,106.15,107.7,105.85,32.26,-0.42
2017-08-03,107.05,106.6,107.45,105.8,59.13,0.05
2017-08-02,107.9,106.55,108.15,106.15,36.21,-0.84
2017-08-01,106.85,107.45,107.45,105.8,58.4,1.03
2017-07-31,106.5,106.35,108.9,106,99.85,-0.19
2017-07-28,105.1,106.55,106.7,105.1,38.16,1.04
2017-07-27,108.8,105.45,108.85,105.15,48.31,-2.54
2017-07-26,106,108.2,109.25,105.1,62.46,2.03
2017-07-25,106.15,106.05,106.75,104.6,122.19,0.14
2017-07-24,107.2,105.9,107.2,104.5,117.08,-0.42
2017-07-21,109.5,106.35,110.2,106.2,113.54,-3.23
2017-07-20,110.7,109.9,111.9,109.35,99.69,-0.99
2017-07-19,112.3,111,112.75,110.2,89.46,-0.85
2017-07-18,113,111.95,113.8,111.05,64.8,-0.4
2017-07-17,113.5,112.4,114.15,111.3,66.33,-0.53
2017-07-14,111.5,113,113.2,110.1,56.3,1.03
2017-07-13,111.1,111.85,111.85,109.7,68.33,1.77
2017-07-12,107.08,109.9,110.92,107.08,72.79,2.4
2017-07-11,109.02,107.32,109.95,107.32,56.19,-1.12
2017-07-10,108.63,108.54,109.8,107.66,52.24,0.77
2017-07-07,108.05,107.71,109.22,107.27,54.28,-0.32
2017-07-06,110.58,108.05,110.58,106.69,77.12,-1.99
2017-07-05,108.05,110.24,110.24,107.81,59.53,2.63
2017-07-04,108.05,107.42,108.49,106.64,53.67,-0.9
2017-07-03,109.61,108.39,109.61,107.27,37.25,-0.49
2017-06-30,111.36,108.93,111.9,108.93,85.25,-2.7
2017-06-29,109.75,111.94,111.94,109.46,93.66,2.86
2017-06-28,110.48,108.83,110.78,108.68,50.88,-1.5
2017-06-27,112.92,110.48,113.84,109.41,119.38,-2.99
2017-06-26,115.89,113.89,116.67,113.89,60.95,-0.64
2017-06-23,114.28,114.62,116.13,114.09,162.2,-0.13
2017-06-22,115.84,114.77,116.76,113.45,120.27,-2.28
2017-06-21,113.84,117.44,117.49,112.19,126.83,1.9
2017-06-20,114.67,115.25,115.59,114.04,141.32,1.67
2017-06-19,111.94,113.36,114.62,111.07,71.35,1.93
2017-06-16,109.07,111.21,111.51,108.05,220.4,0.71
2017-06-14,107.86,110.44,110.48,107.76,114.85,2.35
2017-06-13,108.1,107.9,108.83,106.01,83.19,-0.14
2017-06-12,108.63,108.05,109.66,107.27,98.59,-0.22
2017-06-09,108.59,108.29,110.24,107.81,69.95,-0.27
2017-06-08,107.56,108.59,109.8,105.81,136.17,1.83
2017-06-07,106.01,106.64,108.68,105.71,155.65,1.44
2017-06-06,101.77,105.13,106.1,101.14,90.73,3.3
2017-06-05,102.94,101.77,103.09,100.46,44.77,-1.13
2017-06-02,102.7,102.94,104.16,101.87,67.67,1.1
2017-06-01,103.18,101.82,104.01,101.33,80.06,-1.46
2017-05-31,105.13,103.33,106.4,103.33,376.84,-1.62
2017-05-30,103.09,105.03,105.47,101.58,79.61,1.89
2017-05-29,102.7,103.09,103.91,102.5,35.17,0.76
2017-05-26,105.62,102.31,105.62,102.31,97.32,-3.13
2017-05-25,103.52,105.62,106.35,103.43,109.83,2.46
2017-05-24,103.18,103.09,104.06,101.77,128.94,-0.14
2017-05-23,107.37,103.23,107.42,103.23,120.68,-4.37
2017-05-22,108.05,107.95,109.17,105.28,102.24,0.77
2017-05-19,107.08,107.13,108.05,103.82,121.13,0.32
2017-05-18,103.18,106.79,106.79,102.5,145,3.05
2017-05-17,106.4,103.62,107.47,103.57,134.58,-4.01
2017-05-16,112.43,107.95,112.43,105.81,202.24,-4.23
2017-05-15,112.63,112.72,112.72,110.68,60.8,1.58
2017-05-12,111.6,110.97,112.09,110.09,65.59,0.44
2017-05-11,114.72,110.48,115.79,109.95,154.83,-3.77
2017-05-10,114.67,114.82,115.35,113.89,104.32,-0.38
2017-05-09,117.78,115.25,117.83,114.38,108.36,-1.5
2017-05-08,116.08,117.01,117.83,114.48,74.86,1.43
2017-05-05,112.92,115.35,115.64,112.53,92.75,0.64
2017-05-04,113.55,114.62,117.2,113.45,125.13,0.94
2017-05-02,112.38,113.55,115.4,112.38,125.32,0.56
2017-04-28,113.89,112.92,114.28,112.38,88.3,0.09
2017-04-27,117.49,112.82,117.69,112.72,149.69,-4.65
2017-04-26,116.81,118.32,119.59,115.45,188.81,1.29
2017-04-25,115.16,116.81,116.81,114.48,135.39,1.69
2017-04-24,110.19,114.86,115.06,110.19,117.45,4.33
2017-04-21,109.12,110.09,110.58,109.12,104.51,0.98
2017-04-20,108.05,109.02,109.85,108.05,86.6,0.45
2017-04-19,109.02,108.54,109.36,108.39,106.54,0
2017-04-18,107.56,108.54,109.36,107.52,143.55,1.27
2017-04-13,105.13,107.17,107.71,104.55,118.96,2.37
2017-04-12,103.62,104.69,105.28,103.43,136.72,1.03
2017-04-11,101.72,103.62,104.06,101.72,88.63,2.36
2017-04-10,100.8,101.24,102.84,100.07,59.12,0.1
2017-04-07,101.53,101.14,102.16,100.02,70.25,-0.29
2017-04-06,101.29,101.43,101.77,100.26,83.45,-0.86
2017-04-05,103.23,102.31,105.32,102.31,106.22,-2.14
2017-04-04,103.38,104.55,105.81,103.09,95.62,0.94
2017-04-03,99.83,103.57,103.67,99.78,75.53,6.4
2017-03-31,100.99,97.34,101.82,97.34,96.42,-4.08
2017-03-30,101.77,101.48,101.77,100.31,83.59,0.48
2017-03-29,101.53,100.99,102.26,100.21,66.8,0
2017-03-28,99.68,100.99,100.99,99,40.41,1.82
2017-03-27,101.33,99.19,101.43,97.98,82.84,-3.5
2017-03-24,102.7,102.79,102.79,100.9,68.34,-0.05
2017-03-23,98.9,102.84,102.84,98.8,89.76,3.94
2017-03-22,99.29,98.95,100.75,98.71,125.21,-3.19
2017-03-21,103.67,102.21,104.59,101.67,106.01,-1.91
2017-03-20,104.45,104.21,104.74,103.09,86.28,-1.02
2017-03-17,102.21,105.28,105.47,101.97,277.27,2.85
2017-03-16,101.04,102.36,103.09,100.94,81.63,1.59
2017-03-15,100.46,100.75,102.5,98.9,72.02,0.29
2017-03-14,98.32,100.46,101.04,97.44,80.72,2.33
2017-03-13,97.21,98.17,99.14,96.85,93.76,1.36
2017-03-10,96.03,96.86,97.2,95.05,109.22,0.86
2017-03-09,96.45,96.03,96.47,94.52,106.71,-0.45
2017-03-08,94.81,96.47,97.25,94.81,75.94,0.93
2017-03-07,94.96,95.58,95.97,94,145.6,0.57
2017-03-06,93.94,95.04,95.4,93.47,69.08,1.51
2017-03-03,92.7,93.62,95.4,92.24,109.64,0.82
2017-03-02,93.93,92.87,95.32,92.65,111.22,-0.52
2017-03-01,92.04,93.35,95.54,91.92,114.24,0
