"Data","Ostatnio","Otwarcie","Max.","Min.","Wol.","Zmiana%"
"23.03.2021","662,16","676,00","677,75","657,51","30,49M","-1,17%"
"22.03.2021","670,00","685,00","699,50","669,33","39,51M","2,31%"
"19.03.2021","654,87","646,60","657,23","624,62","42,89M","0,26%"
"18.03.2021","653,16","684,34","688,60","652,12","33,37M","-6,93%"
"17.03.2021","701,81","654,57","703,60","651,02","40,37M","3,68%"
"16.03.2021","676,88","703,36","707,21","671,21","32,20M","-4,39%"
"15.03.2021","707,94","694,64","712,81","684,07","29,42M","2,05%"
"12.03.2021","693,73","670,00","694,88","666,14","33,58M","-0,84%"
"11.03.2021","699,60","699,50","702,26","677,81","36,25M","4,72%"
"10.03.2021","668,06","702,53","717,39","657,20","60,61M","-0,82%"
"09.03.2021","673,58","608,02","678,00","595,69","67,52M","19,64%"
"08.03.2021","563,00","600,38","619,94","559,01","51,79M","-5,84%"
"05.03.2021","597,95","626,06","627,84","539,49","89,40M","-3,78%"
"04.03.2021","621,44","654,00","668,43","600,00","65,92M","-4,86%"
"03.03.2021","653,20","687,70","700,45","652,04","30,21M","-4,84%"
"02.03.2021","686,44","718,01","720,14","685,00","23,73M","-4,45%"
"01.03.2021","718,43","694,00","718,85","685,68","27,14M","6,36%"
"26.02.2021","675,50","700,00","706,70","659,51","41,09M","-0,99%"
"25.02.2021","682,22","723,50","737,00","670,76","39,02M","-8,06%"
"24.02.2021","742,02","711,85","745,00","694,17","36,77M","6,18%"
"23.02.2021","698,84","659,90","713,05","619,73","66,61M","-2,19%"
"22.02.2021","714,50","762,11","768,00","711,30","37,27M","-8,55%"
"19.02.2021","781,30","795,00","796,79","777,37","18,96M","-0,77%"
"18.02.2021","787,38","781,16","794,69","776,50","17,96M","-1,35%"
"17.02.2021","798,15","772,95","799,80","762,91","26,08M","0,24%"
"16.02.2021","796,22","818,30","820,59","792,67","19,80M","-2,44%"
"12.02.2021","816,12","801,26","817,33","785,33","23,77M","0,55%"
"11.02.2021","811,66","810,91","829,76","802,00","21,62M","0,85%"
"10.02.2021","804,82","843,54","844,14","800,66","36,22M","-5,26%"
"09.02.2021","849,46","856,10","859,56","842,00","15,16M","-1,62%"
"08.02.2021","863,42","869,67","876,68","855,00","20,16M","1,31%"
"05.02.2021","852,23","845,00","864,77","838,97","18,57M","0,26%"
"04.02.2021","849,99","855,66","855,66","833,44","15,81M","-0,55%"
"03.02.2021","854,69","876,87","877,55","853,36","18,34M","-2,07%"
"02.02.2021","872,79","845,00","880,21","842,50","24,35M","3,93%"
"01.02.2021","839,81","813,52","841,96","796,50","25,39M","5,83%"
"29.01.2021","793,53","830,00","842,41","780,10","34,99M","-5,02%"
"28.01.2021","835,43","818,00","848,00","804,73","26,38M","-3,32%"
"27.01.2021","864,16","871,13","891,40","859,73","27,33M","-2,14%"
"26.01.2021","883,09","891,75","895,72","872,12","23,13M","0,26%"
"25.01.2021","880,80","855,44","900,13","839,00","41,17M","4,03%"
"22.01.2021","846,64","834,31","848,00","828,62","20,07M","0,20%"
"21.01.2021","844,99","855,00","855,72","841,42","20,60M","-0,64%"
"20.01.2021","850,45","858,74","859,50","837,28","25,67M","0,70%"
"19.01.2021","844,55","837,64","849,00","833,02","25,37M","2,23%"
"15.01.2021","826,16","852,00","859,90","819,10","38,78M","-2,23%"
"14.01.2021","845,00","844,30","862,70","839,00","31,27M","-1,10%"
"13.01.2021","854,41","854,19","860,00","832,00","33,31M","0,59%"
"12.01.2021","849,44","830,23","867,80","829,14","46,27M","4,72%"
"11.01.2021","811,19","841,59","853,99","804,89","59,55M","-7,82%"
"08.01.2021","880,02","856,00","884,49","838,39","75,06M","7,84%"
"07.01.2021","816,04","778,23","816,82","775,52","51,50M","7,94%"
"06.01.2021","755,98","759,12","774,00","749,53","44,70M","2,84%"
"05.01.2021","735,11","723,29","740,68","719,25","32,25M","0,73%"
"04.01.2021","729,77","719,10","744,20","717,29","48,64M","3,42%"
"31.12.2020","705,67","699,99","718,72","691,12","49,65M","1,57%"
"30.12.2020","694,78","672,06","696,45","668,69","42,85M","4,32%"
"29.12.2020","665,99","660,60","669,75","656,00","22,91M","0,35%"
"28.12.2020","663,69","674,25","681,17","660,91","32,28M","0,29%"
"24.12.2020","661,77","642,99","666,09","641,00","22,87M","2,44%"
"23.12.2020","645,98","631,70","651,21","622,76","33,17M","0,88%"
"22.12.2020","640,34","647,15","649,86","614,25","51,86M","-1,46%"
"21.12.2020","649,86","663,20","668,25","646,23","58,05M","-6,49%"
"18.12.2020","695,00","668,90","695,00","628,54","222,13M","5,96%"
"17.12.2020","655,90","628,45","658,77","619,75","56,27M","5,32%"
"16.12.2020","622,77","628,23","632,50","605,00","41,52M","-1,65%"
"15.12.2020","633,25","643,51","646,57","624,12","45,22M","-1,03%"
"14.12.2020","639,83","619,18","642,62","610,64","52,04M","4,89%"
"11.12.2020","609,99","615,01","624,00","596,80","46,48M","-2,72%"
"10.12.2020","627,07","572,88","627,59","566,70","67,08M","3,74%"
"09.12.2020","604,48","653,75","653,88","590,62","71,29M","-6,99%"
"08.12.2020","649,88","625,35","651,26","619,55","64,27M","1,27%"
"07.12.2020","641,76","604,91","648,72","603,42","56,31M","7,13%"
"04.12.2020","599,04","591,01","599,04","585,50","29,40M","0,95%"
"03.12.2020","593,38","590,02","598,88","582,69","42,55M","4,32%"
"02.12.2020","568,82","555,73","571,48","542,00","47,78M","-2,73%"
"01.12.2020","584,76","597,59","597,85","572,05","39,13M","3,02%"
"30.11.2020","567,60","602,21","607,80","554,51","59,84M","-3,10%"
"27.11.2020","585,76","581,16","598,78","578,45","37,56M","2,05%"
"25.11.2020","574,00","550,06","574,00","545,37","48,93M","3,35%"
"24.11.2020","555,38","540,45","559,98","526,59","53,65M","6,43%"
"23.11.2020","521,85","503,31","525,87","501,92","50,26M","6,58%"
"20.11.2020","489,61","497,99","502,50","489,06","32,91M","-1,93%"
"19.11.2020","499,27","492,00","508,59","488,18","62,48M","2,60%"
"18.11.2020","486,64","447,28","495,67","443,62","78,04M","10,20%"
"17.11.2020","441,61","460,28","461,89","433,01","61,19M","8,21%"
"16.11.2020","408,09","408,82","412,45","404,13","26,84M","-0,10%"
"13.11.2020","408,50","410,85","412,53","401,66","19,83M","-0,79%"
"12.11.2020","411,76","414,87","422,79","409,52","19,94M","-1,29%"
"11.11.2020","417,13","416,70","418,58","410,62","17,36M","1,65%"
"10.11.2020","410,36","419,91","419,91","396,40","30,28M","-2,59%"
"09.11.2020","421,26","439,83","452,50","421,26","34,83M","-2,02%"
"06.11.2020","429,95","436,10","436,57","424,28","21,71M","-1,86%"
"05.11.2020","438,09","428,50","440,00","424,27","28,41M","4,06%"
"04.11.2020","420,98","430,62","435,40","417,10","32,14M","-0,69%"
"03.11.2020","423,90","409,73","427,77","406,69","34,35M","5,84%"
"02.11.2020","400,51","394,00","406,98","392,30","29,02M","3,21%"
"30.10.2020","388,04","406,90","407,59","379,11","42,59M","-5,55%"
"29.10.2020","410,83","409,96","418,06","406,46","22,66M","1,18%"
"28.10.2020","406,02","416,00","418,28","406,02","25,45M","-4,39%"
"27.10.2020","424,68","423,90","430,29","420,38","22,69M","1,05%"
"26.10.2020","420,28","411,50","425,54","410,01","28,24M","-0,08%"
"23.10.2020","420,63","421,84","422,89","407,38","33,72M","-1,21%"
"22.10.2020","425,79","442,15","444,74","424,72","39,99M","0,75%"
"21.10.2020","422,64","423,25","432,90","421,25","32,37M","0,17%"
"20.10.2020","421,94","430,91","430,91","419,10","31,66M","-2,06%"
"19.10.2020","430,83","445,74","446,60","428,93","36,29M","-2,01%"
"16.10.2020","439,67","454,44","455,95","438,85","32,78M","-2,05%"
"15.10.2020","448,88","451,15","456,31","442,71","35,67M","-2,69%"
"14.10.2020","461,30","449,74","465,75","447,77","48,05M","3,28%"
"13.10.2020","446,65","443,31","448,84","436,75","34,46M","0,98%"
"12.10.2020","442,30","441,84","448,67","438,63","38,79M","1,91%"
"09.10.2020","434,00","430,13","434,59","426,46","28,93M","1,90%"
"08.10.2020","425,92","438,95","438,95","425,47","40,42M","0,15%"
"07.10.2020","425,30","420,00","429,90","414,08","43,13M","2,73%"
"06.10.2020","413,98","425,00","428,50","406,58","49,15M","-2,75%"
"05.10.2020","425,68","423,35","433,64","419,33","44,72M","2,55%"
"02.10.2020","415,09","421,39","439,13","415,00","71,43M","-7,38%"
"01.10.2020","448,16","440,76","448,87","434,82","50,74M","4,46%"
"30.09.2020","429,01","421,76","433,67","420,48","48,15M","2,37%"
"29.09.2020","419,07","416,00","428,35","411,75","50,34M","-0,51%"
"28.09.2020","421,20","424,62","428,08","415,55","49,72M","3,40%"
"25.09.2020","407,34","393,47","408,73","391,30","67,21M","5,04%"
"24.09.2020","387,79","363,80","399,50","351,30","96,56M","1,95%"
"23.09.2020","380,36","405,16","412,15","375,88","95,07M","-10,34%"
"22.09.2020","424,23","429,60","437,76","417,60","79,58M","-5,60%"
"21.09.2020","449,39","453,13","455,68","407,07","109,48M","1,64%"
"18.09.2020","442,15","447,94","451,00","428,80","86,41M","4,42%"
"17.09.2020","423,43","415,60","437,79","408,00","76,78M","-4,15%"
"16.09.2020","441,76","439,87","457,79","435,31","72,55M","-1,78%"
"15.09.2020","449,76","436,56","461,94","430,70","97,30M","7,18%"
"14.09.2020","419,62","380,95","420,00","373,30","83,02M","12,58%"
"11.09.2020","372,72","381,94","382,50","360,50","60,72M","0,37%"
"10.09.2020","371,34","386,21","398,99","360,56","84,93M","1,38%"
"09.09.2020","366,28","356,60","369,00","341,51","79,47M","10,92%"
"08.09.2020","330,21","356,00","368,74","329,88","115,47M","-21,06%"
"04.09.2020","418,32","402,81","428,00","372,02","110,32M","2,78%"
"03.09.2020","407,00","407,23","431,80","402,00","87,60M","-9,02%"
"02.09.2020","447,37","478,99","479,04","405,12","96,18M","-5,83%"
"01.09.2020","475,05","502,14","502,49","470,51","90,12M","-4,67%"
"31.08.2020","498,32","444,61","500,14","440,11","118,37M","12,57%"
"28.08.2020","442,68","459,02","463,70","437,30","100,41M","-1,13%"
"27.08.2020","447,75","436,09","459,12","428,50","118,47M","3,98%"
"26.08.2020","430,63","412,00","433,20","410,73","71,20M","6,42%"
"25.08.2020","404,67","394,98","405,59","393,60","53,29M","0,45%"
"24.08.2020","402,84","425,25","425,80","385,50","100,32M","-1,75%"
"21.08.2020","410,00","408,95","419,10","405,01","107,45M","2,41%"
"20.08.2020","400,37","372,14","404,40","371,41","103,06M","6,56%"
"19.08.2020","375,71","373,00","382,20","368,24","61,03M","-0,45%"
"18.08.2020","377,42","379,80","384,78","369,02","82,37M","2,80%"
"17.08.2020","367,13","335,40","369,17","334,57","101,21M","11,20%"
"14.08.2020","330,14","333,00","333,76","325,33","62,89M","1,83%"
"13.08.2020","324,20","322,20","330,24","313,45","102,13M","4,26%"
"12.08.2020","310,95","294,00","317,00","287,00","109,49M","13,12%"
"11.08.2020","274,88","279,20","284,00","273,00","43,13M","-3,11%"
"10.08.2020","283,71","289,60","291,50","277,17","37,61M","-2,35%"
"07.08.2020","290,54","299,91","299,95","283,00","44,48M","-2,48%"
"06.08.2020","297,92","298,17","303,46","295,45","29,96M","0,31%"
"05.08.2020","297,00","298,60","299,97","293,66","24,89M","-0,13%"
"04.08.2020","297,40","299,00","305,48","292,40","42,07M","0,13%"
"03.08.2020","297,00","289,84","301,96","288,88","44,05M","3,79%"
"31.07.2020","286,15","303,00","303,41","284,20","61,23M","-3,82%"
"30.07.2020","297,50","297,60","302,65","294,20","38,11M","-0,77%"
"29.07.2020","299,82","300,20","306,96","297,40","47,13M","1,53%"
"28.07.2020","295,30","300,80","312,94","294,88","79,04M","-4,10%"
"27.07.2020","307,92","287,00","309,59","282,60","80,24M","8,65%"
"24.07.2020","283,40","283,20","293,00","273,31","96,98M","-6,35%"
"23.07.2020","302,61","335,79","337,80","296,15","121,64M","-4,98%"
"22.07.2020","318,47","319,80","325,28","312,40","70,81M","1,53%"
"21.07.2020","313,67","327,99","335,00","311,60","80,79M","-4,54%"
"20.07.2020","328,60","303,80","330,00","297,60","85,61M","9,47%"
"17.07.2020","300,17","302,69","307,50","298,00","46,65M","0,01%"
"16.07.2020","300,13","295,43","306,34","293,20","71,50M","-2,93%"
"15.07.2020","309,20","308,60","310,00","291,40","81,84M","1,93%"
"14.07.2020","303,36","311,20","318,00","286,20","117,09M","1,32%"
"13.07.2020","299,41","331,80","359,00","294,22","194,93M","-3,08%"
"10.07.2020","308,93","279,20","309,78","275,20","116,69M","10,78%"
"09.07.2020","278,86","279,40","281,71","270,26","58,59M","2,08%"
"08.07.2020","273,18","281,00","283,45","262,27","81,56M","-1,72%"
"07.07.2020","277,97","281,00","285,90","267,34","107,45M","1,33%"
"06.07.2020","274,32","255,34","275,56","253,21","102,85M","13,48%"
"02.07.2020","241,73","244,30","245,60","237,12","86,25M","7,95%"
"01.07.2020","223,93","216,60","227,07","216,10","66,63M","3,69%"
"30.06.2020","215,96","201,30","217,54","200,75","84,59M","6,98%"
"29.06.2020","201,87","193,80","202,00","189,70","45,13M","5,17%"
"26.06.2020","191,95","198,96","199,00","190,97","44,27M","-2,66%"
"25.06.2020","197,20","190,85","197,20","187,43","46,27M","2,62%"
"24.06.2020","192,17","198,82","200,18","190,63","54,80M","-4,09%"
"23.06.2020","200,36","199,78","202,40","198,80","31,83M","0,75%"
"22.06.2020","198,86","199,99","201,78","198,00","31,81M","-0,66%"
"19.06.2020","200,18","202,56","203,19","198,27","43,40M","-0,30%"
"18.06.2020","200,79","200,60","203,84","198,89","48,76M","1,23%"
"17.06.2020","198,36","197,54","201,00","196,51","49,45M","0,98%"
"16.06.2020","196,43","202,37","202,58","192,48","70,26M","-0,88%"
"15.06.2020","198,18","183,56","199,77","181,70","78,49M","5,94%"
"12.06.2020","187,06","196,00","197,60","182,52","83,82M","-3,86%"
"11.06.2020","194,57","198,04","203,79","194,40","79,58M","-5,09%"
"10.06.2020","205,01","198,38","205,50","196,50","92,82M","8,97%"
"09.06.2020","188,13","188,00","190,89","184,79","56,94M","-0,97%"
"08.06.2020","189,98","183,80","190,00","181,83","70,87M","7,25%"
"05.06.2020","177,13","175,57","177,30","173,24","39,06M","2,46%"
"04.06.2020","172,88","177,98","179,15","171,69","44,44M","-2,10%"
"03.06.2020","176,59","177,62","179,59","176,02","39,75M","0,16%"
"02.06.2020","176,31","178,94","181,73","174,20","67,83M","-1,84%"
"01.06.2020","179,62","171,60","179,80","170,82","75,43M","7,56%"
"29.05.2020","167,00","161,75","167,00","160,84","59,06M","3,62%"
"28.05.2020","161,16","162,70","164,95","160,34","36,38M","-1,76%"
"27.05.2020","164,05","164,17","165,54","157,00","57,75M","0,17%"
"26.05.2020","163,77","166,90","166,92","163,14","40,45M","0,24%"
"22.05.2020","163,38","164,43","166,36","162,40","49,94M","-1,29%"
"21.05.2020","165,52","163,20","166,50","159,20","61,27M","1,48%"
"20.05.2020","163,11","164,10","165,20","162,36","36,55M","0,93%"
"19.05.2020","161,60","163,03","164,41","161,22","48,18M","-0,69%"
"18.05.2020","162,73","165,56","166,94","160,78","58,49M","1,81%"
"15.05.2020","159,83","158,07","161,01","157,31","52,59M","-0,52%"
"14.05.2020","160,67","156,00","160,67","152,80","68,41M","1,57%"
"13.05.2020","158,19","164,17","165,20","152,66","95,33M","-2,28%"
"12.05.2020","161,88","165,40","168,66","161,60","79,53M","-0,23%"
"11.05.2020","162,26","158,10","164,80","157,00","82,60M","-0,99%"
"08.05.2020","163,88","158,75","164,80","157,40","80,65M","5,04%"
"07.05.2020","156,01","155,44","159,28","154,47","57,64M","-0,33%"
"06.05.2020","156,52","155,30","157,96","152,22","55,62M","1,87%"
"05.05.2020","153,64","157,96","159,78","152,44","84,96M","0,92%"
"04.05.2020","152,24","140,20","152,40","139,60","96,19M","8,54%"
"01.05.2020","140,26","151,00","154,55","136,61","162,66M","-10,31%"
"30.04.2020","156,38","171,04","173,96","152,70","142,36M","-2,32%"
"29.04.2020","160,10","158,03","160,64","156,63","81,08M","4,08%"
"28.04.2020","153,82","159,13","161,00","151,34","76,11M","-3,71%"
"27.04.2020","159,75","147,52","159,90","147,00","103,41M","10,15%"
"24.04.2020","145,03","142,16","146,15","139,64","66,19M","2,76%"
"23.04.2020","141,13","145,52","146,80","140,63","66,18M","-3,61%"
"22.04.2020","146,42","140,80","146,80","137,74","71,12M","6,61%"
"21.04.2020","137,34","146,02","150,67","134,76","101,05M","-7,99%"
"20.04.2020","149,27","146,54","153,11","142,44","73,73M","-1,00%"
"17.04.2020","150,78","154,46","154,99","149,53","65,64M","1,17%"
"16.04.2020","149,04","143,39","151,89","141,34","103,29M","2,10%"
"15.04.2020","145,97","148,40","150,63","142,00","117,89M","2,81%"
"14.04.2020","141,98","139,79","148,38","138,49","152,88M","9,06%"
"13.04.2020","130,19","118,03","130,40","116,11","112,38M","13,60%"
"09.04.2020","114,60","112,42","115,04","111,42","68,25M","4,40%"
"08.04.2020","109,77","110,84","111,44","106,67","63,28M","0,62%"
"07.04.2020","109,09","109,00","113,00","106,47","89,60M","5,66%"
"06.04.2020","103,25","102,24","104,20","99,59","74,51M","7,55%"
"03.04.2020","96,00","101,90","103,10","93,68","112,81M","5,62%"
"02.04.2020","90,89","96,21","98,85","89,28","99,29M","-5,63%"
"01.04.2020","96,31","100,80","102,79","95,02","66,77M","-8,10%"
"31.03.2020","104,80","100,25","108,59","99,40","88,86M","4,35%"
"30.03.2020","100,43","102,05","103,33","98,25","59,99M","-2,37%"
"27.03.2020","102,87","101,00","105,16","98,81","71,89M","-2,61%"
"26.03.2020","105,63","109,48","112,00","102,45","87,11M","-2,06%"
"25.03.2020","107,85","109,05","111,40","102,22","106,11M","6,78%"
"24.03.2020","101,00","95,46","102,74","94,80","114,48M","16,28%"
"23.03.2020","86,86","86,72","88,40","82,10","82,27M","1,58%"
"20.03.2020","85,51","87,64","95,40","85,16","141,43M","-0,02%"
"19.03.2020","85,53","74,94","90,40","71,69","150,98M","18,40%"
"18.03.2020","72,24","77,80","80,97","70,10","118,93M","-16,04%"
"17.03.2020","86,04","88,00","94,37","79,20","119,97M","-3,34%"
"16.03.2020","89,01","93,90","98,97","88,43","102,45M","-18,58%"
"13.03.2020","109,32","119,00","121,51","100,40","113,20M","-2,49%"
"12.03.2020","112,11","116,18","118,90","109,25","94,55M","-11,62%"
"11.03.2020","126,85","128,04","130,72","122,60","67,07M","-1,72%"
"10.03.2020","129,07","131,89","133,60","121,60","77,97M","6,14%"
"09.03.2020","121,60","121,08","132,60","121,00","85,37M","-13,57%"
"06.03.2020","140,70","138,00","141,40","136,85","63,31M","-2,91%"
"05.03.2020","144,91","144,75","149,15","143,61","54,26M","-3,33%"
"04.03.2020","149,90","152,79","153,30","144,95","75,24M","0,54%"
"03.03.2020","149,10","161,00","161,40","143,22","128,92M","0,26%"
"02.03.2020","148,72","142,25","148,74","137,33","100,97M","11,32%"
"28.02.2020","133,60","125,94","138,10","122,30","122,82M","-1,62%"
"27.02.2020","135,80","146,00","147,95","133,80","121,39M","-12,81%"
"26.02.2020","155,76","156,50","162,66","155,22","70,77M","-2,64%"
"25.02.2020","159,98","169,80","171,32","157,40","86,45M","-4,07%"
"24.02.2020","166,76","167,80","172,70","164,44","75,96M","-7,46%"
"21.02.2020","180,20","181,40","182,61","176,09","71,70M","0,18%"
"20.02.2020","179,88","182,39","182,40","171,99","88,17M","-1,96%"
"19.02.2020","183,48","184,70","188,96","180,20","127,11M","6,87%"
"18.02.2020","171,68","168,32","172,00","166,47","83,49M","7,29%"
"14.02.2020","160,01","157,44","162,59","157,10","78,47M","-0,49%"
"13.02.2020","160,80","148,37","163,60","147,00","131,45M","4,78%"
"12.02.2020","153,46","155,57","157,95","152,67","60,11M","-0,92%"
"11.02.2020","154,88","153,76","156,70","151,60","58,49M","0,40%"
"10.02.2020","154,26","160,00","164,00","150,48","123,45M","3,11%"
"07.02.2020","149,61","146,11","153,95","146,00","85,32M","-0,12%"
"06.02.2020","149,79","139,98","159,17","137,40","199,40M","1,94%"
"05.02.2020","146,94","164,65","169,20","140,82","242,12M","-17,17%"
"04.02.2020","177,41","176,59","193,80","166,78","304,69M","13,72%"
"03.02.2020","156,00","134,74","157,23","134,70","236,17M","19,90%"
"31.01.2020","130,11","128,00","130,60","126,50","78,60M","1,52%"
"30.01.2020","128,16","126,48","130,18","123,60","145,03M","10,29%"
"29.01.2020","116,20","115,14","117,96","113,49","91,08M","2,49%"
"28.01.2020","113,38","113,70","115,36","111,62","58,94M","1,59%"
"27.01.2020","111,60","108,40","112,89","107,86","68,04M","-1,20%"
"24.01.2020","112,96","114,13","114,77","110,85","71,77M","-1,29%"
"23.01.2020","114,44","112,85","116,40","111,12","98,26M","0,47%"
"22.01.2020","113,91","114,38","118,90","111,82","156,85M","4,08%"
"21.01.2020","109,44","106,05","109,72","105,68","89,02M","7,19%"
"17.01.2020","102,10","101,52","103,13","100,63","68,15M","-0,58%"
"16.01.2020","102,70","98,75","102,89","98,43","108,68M","-0,96%"
"15.01.2020","103,70","105,95","107,57","103,36","86,84M","-3,61%"
"14.01.2020","107,58","108,85","109,48","104,98","145,31M","2,49%"
"13.01.2020","104,97","98,70","105,13","98,40","133,17M","9,77%"
"10.01.2020","95,63","96,36","96,99","94,74","64,88M","-0,66%"
"09.01.2020","96,27","99,42","99,76","94,57","142,32M","-2,19%"
"08.01.2020","98,43","94,74","99,70","93,65","156,00M","4,92%"
"07.01.2020","93,81","92,28","94,33","90,67","91,05M","3,88%"
"06.01.2020","90,31","88,09","90,31","88,00","50,79M","1,93%"
"03.01.2020","88,60","88,10","90,80","87,38","88,97M","2,96%"
"02.01.2020","86,05","84,90","86,14","84,34","47,79M","2,84%"
"31.12.2019","83,67","81,00","84,26","80,42","51,46M","0,88%"
"30.12.2019","82,94","85,76","85,80","81,85","63,01M","-3,65%"
"27.12.2019","86,08","87,00","87,06","85,22","49,78M","-0,13%"
"26.12.2019","86,19","85,58","86,70","85,27","53,24M","1,34%"
"24.12.2019","85,05","83,67","85,09","82,54","40,27M","1,44%"
"23.12.2019","83,84","82,36","84,40","82,00","66,66M","3,35%"
"20.12.2019","81,12","82,06","82,60","80,04","73,93M","0,38%"
"19.12.2019","80,81","79,46","81,37","79,30","90,60M","2,77%"
"18.12.2019","78,63","76,13","79,04","76,12","70,68M","3,73%"
"17.12.2019","75,80","75,80","77,10","75,18","42,52M","-0,66%"
"16.12.2019","76,30","72,51","76,72","72,50","91,10M","6,45%"
"13.12.2019","71,68","72,21","73,04","70,93","32,87M","-0,36%"
"12.12.2019","71,94","70,98","72,55","70,65","38,88M","1,98%"
"11.12.2019","70,54","70,38","71,44","70,22","34,60M","1,10%"
"10.12.2019","69,77","67,99","70,15","67,86","44,20M","2,74%"
"09.12.2019","67,91","67,32","68,89","67,02","45,20M","1,09%"
"06.12.2019","67,18","67,00","67,77","66,95","38,09M","1,68%"
"05.12.2019","66,07","66,57","66,88","65,45","18,68M","-0,81%"
"04.12.2019","66,61","67,55","67,57","66,57","27,68M","-0,94%"
"03.12.2019","67,24","66,52","67,58","66,44","33,07M","0,40%"
"02.12.2019","66,97","65,88","67,28","65,74","30,41M","1,49%"
"29.11.2019","65,99","66,22","66,25","65,50","12,33M","-0,41%"
"27.11.2019","66,26","66,22","66,79","65,71","27,82M","0,73%"
"26.11.2019","65,78","67,05","67,10","65,42","39,78M","-2,21%"
"25.11.2019","67,27","68,86","68,91","66,89","61,73M","0,99%"
"22.11.2019","66,61","68,03","68,20","66,00","84,35M","-6,14%"
"21.11.2019","70,97","70,90","72,17","70,80","30,55M","0,75%"
"20.11.2019","70,44","72,00","72,24","69,91","33,67M","-2,03%"
"19.11.2019","71,90","70,35","72,00","69,56","38,68M","2,71%"
"18.11.2019","70,00","70,58","70,63","69,22","22,04M","-0,61%"
"15.11.2019","70,43","70,13","70,56","69,67","24,06M","0,80%"
"14.11.2019","69,87","69,22","70,77","68,58","32,36M","0,94%"
"13.11.2019","69,22","71,00","71,27","69,04","42,34M","-1,10%"
"12.11.2019","69,99","69,38","70,07","68,81","36,80M","1,41%"
"11.11.2019","69,02","68,79","69,84","68,40","49,97M","2,36%"
"08.11.2019","67,43","66,90","67,49","66,50","30,37M","0,48%"
"07.11.2019","67,11","65,83","68,30","65,60","72,34M","2,74%"
"06.11.2019","65,32","63,60","65,34","62,90","39,70M","2,96%"
"05.11.2019","63,44","63,92","64,70","63,22","34,72M","-0,08%"
"04.11.2019","63,49","62,96","64,39","61,85","43,94M","1,32%"
"01.11.2019","62,66","63,26","63,30","61,96","31,92M","-0,51%"
"31.10.2019","62,98","62,62","63,80","62,60","25,33M","-0,03%"
"30.10.2019","63,00","62,60","63,76","61,99","48,21M","-0,38%"
"29.10.2019","63,24","64,00","64,86","62,95","63,42M","-3,51%"
"28.10.2019","65,54","65,51","68,17","64,52","94,35M","-0,14%"
"25.10.2019","65,63","59,54","66,00","59,22","150,03M","9,49%"
"24.10.2019","59,94","59,67","60,99","57,84","149,10M","17,67%"
"23.10.2019","50,94","50,90","51,23","50,27","56,08M","-0,35%"
"22.10.2019","51,12","50,86","51,67","50,17","23,13M","0,83%"
"21.10.2019","50,70","51,67","51,90","50,04","25,54M","-1,34%"
"18.10.2019","51,39","52,14","52,56","51,02","28,77M","-1,91%"
"17.10.2019","52,39","52,50","52,96","52,03","23,90M","0,85%"
"16.10.2019","51,95","51,48","52,42","51,38","33,52M","0,72%"
"15.10.2019","51,58","51,54","52,00","50,82","32,40M","0,37%"
"14.10.2019","51,39","49,58","51,71","49,43","51,13M","3,65%"
"11.10.2019","49,58","49,43","50,22","49,36","42,44M","1,29%"
"10.10.2019","48,95","49,06","49,86","48,32","31,57M","0,08%"
"09.10.2019","48,91","48,26","49,46","48,13","34,68M","1,87%"
"08.10.2019","48,01","47,17","48,79","46,90","43,51M","0,99%"
"07.10.2019","47,54","45,96","47,71","45,71","40,43M","2,70%"
"04.10.2019","46,29","46,32","46,96","45,61","40,11M","-0,69%"
"03.10.2019","46,61","46,37","46,90","44,86","75,69M","-4,15%"
"02.10.2019","48,63","48,66","48,93","47,89","31,28M","-0,63%"
"01.10.2019","48,94","48,30","49,19","47,83","30,98M","1,60%"
"30.09.2019","48,17","48,60","48,80","47,22","29,73M","-0,54%"
"27.09.2019","48,43","48,44","49,74","47,75","55,62M","-0,16%"
"26.09.2019","48,51","46,13","48,66","45,48","60,39M","6,06%"
"25.09.2019","45,74","44,91","45,80","43,67","47,22M","2,46%"
"24.09.2019","44,64","48,30","48,40","44,52","64,71M","-7,48%"
"23.09.2019","48,25","48,00","49,04","47,84","21,96M","0,27%"
"20.09.2019","48,12","49,30","49,39","47,63","32,53M","-2,43%"
"19.09.2019","49,32","49,20","49,59","48,97","24,42M","1,27%"
"18.09.2019","48,70","49,00","49,63","48,47","21,14M","-0,53%"
"17.09.2019","48,96","48,49","49,12","48,07","19,73M","0,82%"
"16.09.2019","48,56","49,20","49,49","48,23","23,64M","-0,98%"
"13.09.2019","49,04","49,39","49,69","48,97","26,57M","-0,26%"
"12.09.2019","49,17","49,54","50,70","48,88","42,91M","-0,51%"
"11.09.2019","49,42","47,48","49,63","47,20","50,21M","4,90%"
"10.09.2019","47,11","46,16","47,11","45,79","24,42M","1,62%"
"09.09.2019","46,36","46,00","46,75","45,85","24,01M","1,91%"
"06.09.2019","45,49","45,44","45,93","45,03","20,95M","-0,94%"
"05.09.2019","45,92","44,50","45,96","44,17","37,02M","4,03%"
"04.09.2019","44,14","45,38","45,69","43,84","28,84M","-1,91%"
"03.09.2019","45,00","44,82","45,79","44,63","26,80M","-0,27%"
"30.08.2019","45,12","45,83","46,49","44,84","46,64M","1,76%"
"29.08.2019","44,34","43,80","44,68","43,60","25,92M","2,83%"
"28.08.2019","43,12","42,74","43,45","42,46","16,19M","0,70%"
"27.08.2019","42,82","43,15","43,76","42,41","27,10M","-0,42%"
"26.08.2019","43,00","42,72","43,00","42,31","25,27M","1,70%"
"23.08.2019","42,28","43,99","44,23","42,20","42,80M","-4,84%"
"22.08.2019","44,43","44,56","45,08","43,64","32,82M","0,59%"
"21.08.2019","44,17","44,40","44,64","43,52","39,00M","-2,21%"
"20.08.2019","45,17","45,52","45,82","44,91","20,85M","-0,44%"
"19.08.2019","45,37","44,84","45,57","44,34","26,56M","3,14%"
"16.08.2019","43,99","43,33","44,45","43,20","26,04M","1,99%"
"15.08.2019","43,13","44,17","44,31","42,31","41,16M","-1,80%"
"14.08.2019","43,92","46,24","46,30","43,34","47,81M","-6,55%"
"13.08.2019","47,00","45,76","47,20","45,51","24,34M","2,62%"
"12.08.2019","45,80","46,60","47,15","45,75","23,32M","-2,55%"
"09.08.2019","47,00","47,21","47,79","46,76","19,49M","-1,38%"
"08.08.2019","47,66","46,89","47,96","46,53","26,37M","2,10%"
"07.08.2019","46,68","45,30","46,71","45,16","23,88M","1,15%"
"06.08.2019","46,15","46,38","46,50","45,15","27,82M","1,07%"
"05.08.2019","45,66","45,92","46,27","45,16","35,14M","-2,58%"
"02.08.2019","46,87","46,27","47,25","45,85","30,68M","0,21%"
"01.08.2019","46,77","48,53","48,90","46,35","41,30M","-3,21%"
"31.07.2019","48,32","48,60","49,34","47,33","45,89M","-0,27%"
"30.07.2019","48,45","46,58","48,67","46,44","40,55M","2,76%"
"29.07.2019","47,15","45,42","47,19","45,21","46,37M","3,38%"
"26.07.2019","45,61","45,38","46,05","44,45","50,14M","-0,33%"
"25.07.2019","45,76","46,70","46,90","45,11","112,09M","-13,63%"
"24.07.2019","52,98","51,83","53,21","51,63","55,36M","1,83%"
"23.07.2019","52,03","51,34","52,10","50,90","25,12M","1,74%"
"22.07.2019","51,14","51,75","52,43","50,84","34,23M","-0,97%"
"19.07.2019","51,64","51,14","51,99","50,92","35,24M","1,83%"
"18.07.2019","50,71","51,01","51,15","50,38","23,82M","-0,51%"
"17.07.2019","50,97","51,13","51,66","50,67","48,82M","0,97%"
"16.07.2019","50,48","49,86","50,71","49,59","40,74M","-0,43%"
"15.07.2019","50,70","49,60","50,88","48,97","55,00M","3,43%"
"12.07.2019","49,02","47,95","49,08","47,94","46,00M","2,72%"
"11.07.2019","47,72","47,63","48,30","47,16","37,57M","-0,13%"
"10.07.2019","47,78","46,83","47,79","46,63","45,73M","3,85%"
"09.07.2019","46,01","45,79","46,20","45,46","30,95M","-0,13%"
"08.07.2019","46,07","46,25","46,45","45,73","29,40M","-1,18%"
"05.07.2019","46,62","46,91","47,09","46,16","35,33M","-0,77%"
"03.07.2019","46,98","47,88","48,31","46,90","71,01M","4,61%"
"02.07.2019","44,91","45,78","45,83","44,44","46,30M","-1,14%"
"01.07.2019","45,43","46,04","46,62","45,26","41,19M","1,66%"
"28.06.2019","44,69","44,20","45,03","44,16","34,26M","0,27%"
"27.06.2019","44,57","43,89","44,58","43,47","31,70M","1,64%"
"26.06.2019","43,85","44,06","45,45","43,62","42,54M","-0,23%"
"25.06.2019","43,95","44,88","45,07","43,90","30,91M","-1,74%"
"24.06.2019","44,73","44,65","45,17","44,20","28,75M","0,81%"
"21.06.2019","44,37","43,24","44,44","43,10","41,01M","1,02%"
"20.06.2019","43,92","44,60","45,38","43,27","59,32M","-3,02%"
"19.06.2019","45,29","45,02","45,55","44,21","32,88M","0,76%"
"18.06.2019","44,95","45,74","46,95","44,51","63,58M","-0,13%"
"17.06.2019","45,01","43,10","45,40","42,85","61,58M","4,72%"
"14.06.2019","42,98","42,25","43,33","42,08","37,17M","0,47%"
"13.06.2019","42,78","42,08","42,98","41,50","40,84M","2,22%"
"12.06.2019","41,85","44,59","44,68","41,80","75,99M","-3,62%"
"11.06.2019","43,42","43,83","44,18","42,70","58,27M","1,97%"
"10.06.2019","42,58","42,05","43,39","41,80","52,93M","4,11%"
"07.06.2019","40,90","41,00","42,17","40,70","80,02M","-0,70%"
"06.06.2019","41,19","40,89","42,20","40,36","101,21M","4,76%"
"05.06.2019","39,32","39,74","40,26","38,37","67,55M","1,55%"
"04.06.2019","38,72","36,22","38,80","35,92","69,04M","8,19%"
"03.06.2019","35,79","37,10","37,34","35,40","65,32M","-3,35%"
"31.05.2019","37,03","37,02","37,98","36,82","52,03M","-1,62%"
"30.05.2019","37,64","37,75","38,45","37,40","39,63M","-0,87%"
"29.05.2019","37,97","37,42","38,48","37,01","59,84M","0,61%"
"28.05.2019","37,74","38,24","39,00","37,57","51,56M","-1,02%"
"24.05.2019","38,13","39,97","40,00","37,75","70,68M","-2,48%"
"23.05.2019","39,10","38,87","39,89","37,24","132,74M","1,43%"
"22.05.2019","38,55","39,82","40,79","38,36","93,43M","-6,02%"
"21.05.2019","41,02","39,55","41,48","39,21","90,02M","-0,12%"
"20.05.2019","41,07","40,56","41,20","39,05","102,63M","-2,70%"
"17.05.2019","42,21","44,39","44,45","41,78","88,93M","-7,58%"
"16.05.2019","45,67","45,90","46,20","45,30","37,42M","-1,55%"
"15.05.2019","46,39","45,86","46,49","45,05","36,48M","-0,15%"
"14.05.2019","46,46","45,86","46,90","45,60","36,26M","2,33%"
"13.05.2019","45,40","46,40","46,49","44,90","54,17M","-5,22%"
"10.05.2019","47,90","47,95","48,40","47,20","35,04M","-1,03%"
"09.05.2019","48,40","48,40","48,74","47,39","33,56M","-1,16%"
"08.05.2019","48,97","49,39","50,12","48,84","30,88M","-0,89%"
"07.05.2019","49,41","51,36","51,44","49,02","50,66M","-3,25%"
"06.05.2019","51,07","50,00","51,67","49,70","54,17M","0,12%"
"03.05.2019","51,01","48,77","51,32","48,70","118,53M","4,49%"
"02.05.2019","48,82","49,10","49,43","47,54","90,80M","4,32%"
"01.05.2019","46,80","47,77","48,00","46,30","53,52M","-1,97%"
"30.04.2019","47,74","48,41","48,84","47,40","47,32M","-1,14%"
"29.04.2019","48,29","47,17","48,80","46,43","83,57M","2,68%"
"26.04.2019","47,03","49,30","49,34","46,23","111,80M","-5,05%"
"25.04.2019","49,53","51,00","51,80","49,21","109,25M","-4,25%"
"24.04.2019","51,73","52,77","53,06","51,60","53,64M","-1,99%"
"23.04.2019","52,78","52,03","53,12","51,15","54,72M","0,44%"
"22.04.2019","52,55","53,80","53,94","52,50","60,74M","-3,84%"
"18.04.2019","54,65","54,25","54,97","53,95","29,38M","0,74%"
"17.04.2019","54,25","54,95","54,96","53,71","25,63M","-0,77%"
"16.04.2019","54,67","53,15","55,00","52,94","36,36M","2,61%"
"15.04.2019","53,28","53,73","53,78","51,73","50,19M","-0,49%"
"12.04.2019","53,54","54,04","54,39","53,37","33,73M","-0,26%"
"11.04.2019","53,68","53,66","54,10","53,12","49,18M","-2,77%"
"10.04.2019","55,21","55,35","55,68","54,58","35,31M","1,38%"
"09.04.2019","54,46","54,33","55,00","53,92","29,52M","-0,33%"
"08.04.2019","54,64","55,54","56,23","54,09","52,05M","-0,64%"
"05.04.2019","54,99","53,97","55,22","53,22","65,19M","2,67%"
"04.04.2019","53,56","52,38","54,24","52,12","118,60M","-8,22%"
"03.04.2019","58,36","57,46","59,23","57,43","39,65M","2,06%"
"02.04.2019","57,18","57,66","57,89","56,78","27,39M","-1,14%"
"01.04.2019","57,84","56,52","57,84","56,26","40,55M","3,34%"
"29.03.2019","55,97","55,74","56,03","54,90","29,96M","0,45%"
"28.03.2019","55,72","55,43","56,07","55,02","33,87M","1,36%"
"27.03.2019","54,97","53,75","55,07","53,64","43,90M","2,65%"
"26.03.2019","53,55","52,89","54,05","52,89","36,75M","2,82%"
"25.03.2019","52,08","51,94","52,64","50,89","51,08M","-1,57%"
"22.03.2019","52,91","54,52","54,56","52,80","43,73M","-3,45%"
"21.03.2019","54,80","54,52","55,29","53,69","29,74M","0,15%"
"20.03.2019","54,72","53,94","54,99","53,26","34,54M","2,30%"
"19.03.2019","53,49","53,50","54,66","52,69","59,00M","-0,76%"
"18.03.2019","53,90","55,20","55,61","53,46","51,40M","-2,16%"
"15.03.2019","55,09","56,70","56,74","54,88","73,93M","-5,00%"
"14.03.2019","57,99","58,49","59,08","57,66","35,52M","0,35%"
"13.03.2019","57,79","56,78","58,40","56,54","34,22M","1,98%"
"12.03.2019","56,67","57,30","57,61","56,21","37,52M","-2,60%"
"11.03.2019","58,18","56,70","58,26","56,10","36,96M","2,38%"
"08.03.2019","56,83","55,38","57,12","55,18","44,10M","2,73%"
"07.03.2019","55,32","55,77","56,94","54,85","47,21M","0,13%"
"06.03.2019","55,25","55,30","56,30","54,88","51,68M","-0,11%"
"05.03.2019","55,31","56,40","56,80","54,02","93,82M","-3,08%"
"04.03.2019","57,07","59,62","59,80","56,56","85,48M","-3,21%"
"01.03.2019","58,96","61,39","61,43","58,38","114,56M","-7,85%"
"28.02.2019","63,98","63,78","64,00","62,16","52,60M","1,64%"
"27.02.2019","62,95","60,36","63,26","60,11","55,92M","5,67%"
"26.02.2019","59,57","58,44","60,40","57,75","42,91M","-0,30%"
"25.02.2019","59,75","59,58","60,58","59,40","33,13M","1,37%"
"22.02.2019","58,94","58,90","59,30","58,42","28,70M","1,18%"
"21.02.2019","58,25","60,36","60,65","58,10","44,55M","-3,73%"
"20.02.2019","60,51","60,88","61,26","59,80","35,71M","-1,01%"
"19.02.2019","61,13","61,31","62,31","61,09","20,84M","-0,73%"
"15.02.2019","61,58","60,90","61,60","60,78","19,52M","1,37%"
"14.02.2019","60,75","60,68","61,35","60,20","26,00M","-1,43%"
"13.02.2019","61,63","62,47","62,55","61,11","25,71M","-1,17%"
"12.02.2019","62,36","63,24","63,64","61,92","27,59M","-0,34%"
"11.02.2019","62,57","62,32","63,72","62,10","35,65M","2,31%"
"08.02.2019","61,16","61,37","61,49","59,70","29,22M","-0,55%"
"07.02.2019","61,50","62,66","62,94","60,60","32,60M","-3,06%"
"06.02.2019","63,44","63,92","64,85","63,12","25,19M","-1,29%"
"05.02.2019","64,27","62,50","64,49","62,45","33,71M","2,70%"
"04.02.2019","62,58","62,60","63,06","60,38","36,76M","0,22%"
"01.02.2019","62,44","61,08","63,22","60,70","36,42M","1,69%"
"31.01.2019","61,40","60,20","62,31","58,80","62,85M","-0,57%"
"30.01.2019","61,75","60,09","61,80","59,70","56,25M","3,80%"
"29.01.2019","59,49","59,05","59,71","58,36","23,11M","0,35%"
"28.01.2019","59,28","58,58","59,49","57,55","32,12M","-0,22%"
"25.01.2019","59,41","58,88","59,70","57,91","36,29M","1,90%"
"24.01.2019","58,30","56,61","58,74","55,86","40,06M","1,36%"
"23.01.2019","57,52","58,50","58,90","56,34","62,65M","-3,78%"
"22.01.2019","59,78","60,96","61,60","59,10","60,33M","-1,11%"
"18.01.2019","60,45","64,60","65,43","59,95","120,75M","-12,97%"
"17.01.2019","69,46","69,24","70,30","68,83","18,38M","0,36%"
"16.01.2019","69,21","68,96","70,40","68,70","23,46M","0,46%"
"15.01.2019","68,89","67,00","69,76","66,90","30,28M","3,01%"
"14.01.2019","66,88","68,48","68,50","66,80","26,24M","-3,70%"
"11.01.2019","69,45","68,42","69,68","67,75","25,20M","0,67%"
"10.01.2019","68,99","66,88","69,08","66,36","30,28M","1,89%"
"09.01.2019","67,71","67,10","68,70","66,29","27,16M","0,95%"
"08.01.2019","67,07","68,39","68,80","65,40","35,04M","0,12%"
"07.01.2019","66,99","64,34","67,35","63,55","37,76M","5,43%"
"04.01.2019","63,54","61,20","63,60","60,55","36,97M","5,78%"
"03.01.2019","60,07","61,40","61,88","59,48","34,83M","-3,14%"
"02.01.2019","62,02","61,22","63,03","59,76","58,29M","-6,82%"
"31.12.2018","66,56","67,56","67,84","65,05","31,51M","-0,31%"
"28.12.2018","66,77","64,62","67,25","63,68","49,69M","5,60%"
"27.12.2018","63,23","63,97","64,43","60,30","42,88M","-3,05%"
"26.12.2018","65,22","60,00","65,39","58,82","40,82M","10,39%"
"24.12.2018","59,08","62,70","62,90","59,04","27,80M","-7,62%"
"21.12.2018","63,95","63,48","64,69","62,49","40,08M","1,38%"
"20.12.2018","63,08","65,41","66,06","62,37","45,36M","-5,27%"
"19.12.2018","66,59","67,52","69,40","65,95","41,37M","-1,22%"
"18.12.2018","67,41","70,11","70,31","66,74","35,50M","-3,26%"
"17.12.2018","69,68","72,40","73,14","68,78","38,37M","-4,73%"
"14.12.2018","73,14","75,00","75,57","72,87","31,69M","-2,95%"
"13.12.2018","75,36","74,03","75,49","73,35","36,83M","2,78%"
"12.12.2018","73,32","73,88","74,38","73,03","25,14M","-0,04%"
"11.12.2018","73,35","73,98","74,43","72,05","31,54M","0,44%"
"10.12.2018","73,03","72,00","73,20","70,62","33,07M","2,01%"
"07.12.2018","71,59","73,80","75,90","71,53","57,56M","-1,40%"
"06.12.2018","72,61","71,20","73,48","70,15","39,21M","0,93%"
"04.12.2018","71,94","71,21","73,74","70,40","42,31M","0,33%"
"03.12.2018","71,70","72,00","73,20","70,40","41,53M","2,28%"
"30.11.2018","70,10","68,37","70,32","67,65","28,14M","2,74%"
"29.11.2018","68,23","69,40","69,50","67,91","15,40M","-1,93%"
"28.11.2018","69,57","69,20","69,66","68,44","20,64M","1,15%"
"27.11.2018","68,78","68,01","69,39","67,10","31,79M","-0,61%"
"26.11.2018","69,20","65,00","69,24","65,00","39,96M","6,18%"
"23.11.2018","65,17","66,87","67,50","65,11","21,01M","-3,65%"
"21.11.2018","67,64","70,40","70,62","67,48","23,43M","-2,68%"
"20.11.2018","69,50","68,35","69,96","66,71","40,02M","-1,68%"
"19.11.2018","70,69","71,27","73,35","70,58","48,54M","-0,24%"
"16.11.2018","70,86","69,04","71,14","69,02","36,03M","1,68%"
"15.11.2018","69,69","68,47","69,72","67,81","23,13M","1,29%"
"14.11.2018","68,80","68,54","69,42","67,43","25,20M","1,55%"
"13.11.2018","67,75","66,63","68,94","66,44","27,24M","2,25%"
"12.11.2018","66,26","69,67","69,96","66,07","34,71M","-5,48%"
"09.11.2018","70,10","69,80","70,80","69,05","25,49M","-0,26%"
"08.11.2018","70,28","69,70","71,52","69,69","35,45M","0,93%"
"07.11.2018","69,63","68,67","70,24","68,16","36,87M","2,08%"
"06.11.2018","68,21","67,81","69,76","67,22","33,81M","-0,10%"
"05.11.2018","68,28","68,10","68,79","66,03","39,16M","-1,44%"
"02.11.2018","69,28","68,75","69,84","68,18","39,04M","0,61%"
"01.11.2018","68,86","67,65","69,57","66,94","40,00M","2,08%"
"31.10.2018","67,46","66,51","68,40","65,82","38,12M","2,24%"
"30.10.2018","65,98","65,68","67,58","64,45","45,63M","-1,48%"
"29.10.2018","66,97","67,49","69,43","65,30","72,43M","1,19%"
"26.10.2018","66,18","61,65","67,98","61,33","137,13M","5,10%"
"25.10.2018","62,97","63,44","64,20","60,20","104,20M","9,13%"
"24.10.2018","57,70","60,21","60,89","57,15","100,29M","-1,92%"
"23.10.2018","58,83","52,77","59,59","52,42","95,14M","12,72%"
"22.10.2018","52,19","52,14","52,37","50,52","28,00M","0,37%"
"19.10.2018","52,00","53,48","53,93","50,70","46,88M","-1,48%"
"18.10.2018","52,78","53,86","54,20","52,60","27,11M","-2,91%"
"17.10.2018","54,36","56,48","56,54","53,16","43,28M","-1,74%"
"16.10.2018","55,32","53,14","55,48","52,45","47,63M","6,55%"
"15.10.2018","51,92","51,81","52,66","50,91","31,00M","0,31%"
"12.10.2018","51,76","52,20","52,40","50,40","36,01M","2,60%"
"11.10.2018","50,45","51,51","52,45","49,81","40,84M","-1,81%"
"10.10.2018","51,38","52,92","53,10","49,55","64,08M","-2,25%"
"09.10.2018","52,56","51,05","53,35","50,66","60,30M","4,89%"
"08.10.2018","50,11","52,90","53,55","49,80","67,36M","-4,35%"
"05.10.2018","52,39","54,93","54,98","52,00","89,72M","-7,06%"
"04.10.2018","56,37","58,79","58,80","55,53","49,07M","-4,39%"
"03.10.2018","58,96","60,67","60,92","58,31","39,97M","-2,06%"
"02.10.2018","60,20","62,79","63,37","59,83","58,72M","-3,12%"
"01.10.2018","62,14","61,15","62,29","60,21","108,89M","17,36%"
"28.09.2018","52,95","54,05","55,60","52,11","168,25M","-13,90%"
"27.09.2018","61,50","62,58","62,99","61,38","42,55M","-0,68%"
"26.09.2018","61,92","60,38","62,78","60,22","39,22M","2,86%"
"25.09.2018","60,20","60,00","60,92","59,30","22,41M","0,43%"
"24.09.2018","59,94","59,70","60,60","58,72","24,21M","0,20%"
"21.09.2018","59,82","59,54","60,12","59,07","25,25M","0,25%"
"20.09.2018","59,67","60,71","61,20","58,67","36,75M","-0,22%"
"19.09.2018","59,80","56,10","60,00","56,10","41,47M","4,93%"
"18.09.2018","56,99","59,34","60,53","55,10","82,74M","-3,36%"
"17.09.2018","58,97","58,01","60,17","57,63","34,44M","-0,12%"
"14.09.2018","59,04","57,75","59,47","57,30","33,83M","1,99%"
"13.09.2018","57,89","57,60","59,00","57,04","31,70M","-0,38%"
"12.09.2018","58,11","56,29","58,50","55,73","50,08M","3,97%"
"11.09.2018","55,89","55,89","56,40","54,71","45,85M","-2,12%"
"10.09.2018","57,10","54,65","57,21","54,20","71,42M","8,45%"
"07.09.2018","52,65","52,02","53,67","50,45","112,46M","-6,30%"
"06.09.2018","56,19","56,96","58,23","55,78","37,40M","0,07%"
"05.09.2018","56,15","57,01","57,36","55,44","38,60M","-2,84%"
"04.09.2018","57,79","59,39","59,64","57,60","41,75M","-4,21%"
"31.08.2018","60,33","60,40","61,06","59,72","26,88M","-0,49%"
"30.08.2018","60,63","60,45","60,92","59,54","36,08M","-0,61%"
"29.08.2018","61,00","62,05","62,37","60,74","37,24M","-2,20%"
"28.08.2018","62,37","63,68","63,78","62,24","38,25M","-2,32%"
"27.08.2018","63,85","63,60","64,49","61,76","65,40M","-1,10%"
"24.08.2018","64,56","64,14","64,77","63,88","18,01M","0,84%"
"23.08.2018","64,02","63,83","65,46","63,62","25,74M","-0,48%"
"22.08.2018","64,33","64,17","64,78","62,93","29,73M","-0,08%"
"21.08.2018","64,38","62,12","64,96","61,80","65,86M","4,36%"
"20.08.2018","61,69","58,34","61,70","57,64","87,01M","0,97%"
"17.08.2018","61,10","64,70","65,35","60,71","94,79M","-8,93%"
"16.08.2018","67,09","67,98","68,46","66,76","30,32M","-0,96%"
"15.08.2018","67,74","68,38","68,90","66,43","45,51M","-2,57%"
"14.08.2018","69,53","71,69","71,84","69,42","34,93M","-2,46%"
"13.08.2018","71,28","72,23","72,64","69,80","52,32M","0,25%"
"10.08.2018","71,10","70,80","72,00","69,20","57,76M","0,87%"
"09.08.2018","70,49","73,11","73,40","69,15","85,92M","-4,83%"
"08.08.2018","74,07","73,82","76,53","73,42","122,86M","-2,42%"
"07.08.2018","75,91","68,77","77,49","67,83","154,38M","10,98%"
"06.08.2018","68,40","69,09","71,00","68,36","42,82M","-1,77%"
"03.08.2018","69,63","69,56","71,00","68,51","68,28M","-0,40%"
"02.08.2018","69,91","65,69","70,00","64,63","116,07M","16,19%"
"01.08.2018","60,17","59,60","60,60","58,60","50,65M","0,91%"
"31.07.2018","59,63","58,45","59,66","57,81","25,38M","2,76%"
"30.07.2018","58,03","59,18","59,22","57,23","34,07M","-2,37%"
"27.07.2018","59,44","61,45","61,54","59,07","28,52M","-3,08%"
"26.07.2018","61,33","60,97","62,14","60,73","23,15M","-0,68%"
"25.07.2018","61,75","59,35","61,92","58,90","35,47M","3,80%"
"24.07.2018","59,49","60,88","61,54","58,51","47,95M","-1,90%"
"23.07.2018","60,64","60,37","61,10","58,57","54,96M","-3,32%"
"20.07.2018","62,72","64,25","64,65","62,34","25,83M","-2,08%"
"19.07.2018","64,05","63,27","64,71","62,80","29,58M","-1,11%"
"18.07.2018","64,77","65,00","65,10","63,25","28,12M","0,36%"
"17.07.2018","64,54","61,76","64,95","61,70","34,98M","4,06%"
"16.07.2018","62,02","62,34","63,03","61,25","39,09M","-2,74%"
"13.07.2018","63,77","63,12","63,92","61,85","29,38M","0,68%"
"12.07.2018","63,34","64,29","64,65","62,55","28,61M","-0,71%"
"11.07.2018","63,79","63,16","64,39","63,01","24,42M","-1,09%"
"10.07.2018","64,49","64,91","65,54","63,84","47,36M","1,24%"
"09.07.2018","63,70","62,40","63,70","61,60","37,98M","3,11%"
"06.07.2018","61,78","60,99","62,41","60,40","44,33M","-0,08%"
"05.07.2018","61,83","62,75","62,88","59,24","87,38M","-0,55%"
"03.07.2018","62,17","66,35","66,50","61,94","61,41M","-7,22%"
"02.07.2018","67,01","72,01","72,96","65,97","93,80M","-2,30%"
"29.06.2018","68,59","70,67","70,77","68,48","32,46M","-2,00%"
"28.06.2018","69,99","69,73","71,40","69,22","41,99M","1,58%"
"27.06.2018","68,90","69,00","70,16","67,90","41,67M","0,73%"
"26.06.2018","68,40","67,21","68,71","65,16","37,26M","2,70%"
"25.06.2018","66,60","66,02","67,69","65,50","34,66M","-0,19%"
"22.06.2018","66,73","70,31","70,45","66,40","51,33M","-3,99%"
"21.06.2018","69,50","72,40","73,24","69,25","39,84M","-4,06%"
"20.06.2018","72,44","71,61","72,88","70,40","41,92M","2,74%"
"19.06.2018","70,51","73,03","74,00","69,25","63,81M","-4,93%"
"18.06.2018","74,17","71,08","74,75","70,90","60,37M","3,55%"
"15.06.2018","71,63","70,77","72,93","70,25","54,24M","0,13%"
"14.06.2018","71,54","69,53","71,75","69,32","54,91M","3,74%"
"13.06.2018","68,96","69,34","69,44","67,96","47,35M","0,60%"
"12.06.2018","68,55","68,94","70,99","67,60","111,74M","3,21%"
"11.06.2018","66,42","64,50","66,93","64,50","65,92M","4,55%"
"08.06.2018","63,53","63,80","64,90","63,43","41,03M","0,49%"
"07.06.2018","63,22","63,23","66,00","62,72","71,73M","-1,06%"
"06.06.2018","63,90","60,10","64,43","59,50","93,84M","9,74%"
"05.06.2018","58,23","59,54","59,56","57,35","29,98M","-1,89%"
"04.06.2018","59,35","58,87","59,80","58,71","23,99M","1,70%"
"01.06.2018","58,36","57,17","58,39","56,77","27,12M","2,48%"
"31.05.2018","56,95","57,44","58,07","56,59","29,60M","-2,38%"
"30.05.2018","58,34","56,66","59,00","56,32","37,45M","2,80%"
"29.05.2018","56,75","55,70","57,30","55,23","28,33M","1,76%"
"25.05.2018","55,77","55,53","55,93","55,12","19,38M","0,36%"
"24.05.2018","55,57","55,68","56,22","54,98","20,88M","-0,43%"
"23.05.2018","55,81","55,55","55,98","54,80","29,93M","1,47%"
"22.05.2018","55,00","57,55","57,60","54,68","44,73M","-3,34%"
"21.05.2018","56,90","56,27","58,30","56,26","45,91M","2,78%"
"18.05.2018","55,36","56,93","56,93","54,80","36,26M","-2,72%"
"17.05.2018","56,91","57,18","57,84","56,79","22,10M","-0,68%"
"16.05.2018","57,30","56,77","57,76","56,31","28,37M","0,81%"
"15.05.2018","56,84","57,00","57,39","56,10","47,60M","-2,65%"
"14.05.2018","58,39","60,66","60,99","58,32","36,43M","-3,02%"
"11.05.2018","60,21","61,54","61,78","59,82","23,40M","-1,30%"
"10.05.2018","61,00","61,50","62,60","60,82","28,26M","-0,60%"
"09.05.2018","61,37","60,08","61,40","60,01","28,64M","1,62%"
"08.05.2018","60,39","60,16","61,55","59,80","29,65M","-0,26%"
"07.05.2018","60,55","59,50","61,19","59,03","43,39M","2,94%"
"04.05.2018","58,82","56,60","59,37","55,90","42,85M","3,39%"
"03.05.2018","56,89","55,76","57,61","55,05","86,76M","-5,55%"
"02.05.2018","60,23","59,71","61,37","59,56","44,85M","0,42%"
"01.05.2018","59,98","58,70","60,16","58,64","23,13M","2,04%"
"30.04.2018","58,78","58,72","59,75","58,50","21,14M","-0,05%"
"27.04.2018","58,81","57,07","58,89","56,77","21,82M","2,99%"
"26.04.2018","57,10","55,75","57,16","55,30","21,78M","1,71%"
"25.04.2018","56,14","56,70","57,03","55,45","20,07M","-0,97%"
"24.04.2018","56,69","57,00","57,42","55,69","28,43M","0,04%"
"23.04.2018","56,67","58,26","58,32","56,47","24,47M","-2,38%"
"20.04.2018","58,05","59,03","60,00","57,95","28,14M","-3,28%"
"19.04.2018","60,02","58,22","60,20","57,71","30,45M","2,30%"
"18.04.2018","58,67","58,22","60,05","57,63","32,79M","1,96%"
"17.04.2018","57,54","57,77","58,43","56,50","35,00M","-1,20%"
"16.04.2018","58,24","59,80","59,93","57,80","31,69M","-3,05%"
"13.04.2018","60,07","60,72","60,79","59,20","36,64M","2,13%"
"12.04.2018","58,82","60,46","60,79","58,74","38,04M","-2,28%"
"11.04.2018","60,19","60,15","61,80","59,93","37,41M","-1,23%"
"10.04.2018","60,94","59,79","61,42","58,74","55,12M","5,20%"
"09.04.2018","57,93","60,07","61,90","57,84","51,25M","-3,22%"
"06.04.2018","59,86","60,20","61,86","59,10","67,60M","-2,09%"
"05.04.2018","61,14","57,87","61,25","57,64","95,61M","6,53%"
"04.04.2018","57,39","50,56","57,67","50,40","99,48M","7,25%"
"03.04.2018","53,51","53,96","54,67","50,90","94,22M","5,96%"
"02.04.2018","50,50","51,25","52,07","48,92","80,57M","-5,13%"
"29.03.2018","53,23","51,30","54,19","49,64","75,85M","3,24%"
"28.03.2018","51,56","52,92","53,74","50,42","105,01M","-7,66%"
"27.03.2018","55,84","60,80","60,85","55,44","69,36M","-8,22%"
"26.03.2018","60,84","61,47","61,52","58,27","41,88M","0,88%"
"23.03.2018","60,31","62,25","62,32","60,09","33,27M","-2,44%"
"22.03.2018","61,82","62,78","63,76","61,64","24,70M","-2,35%"
"21.03.2018","63,31","62,05","64,49","62,04","29,79M","1,93%"
"20.03.2018","62,11","62,97","63,25","61,75","23,82M","-0,96%"
"19.03.2018","62,71","63,30","64,15","61,93","37,42M","-2,43%"
"16.03.2018","64,27","65,19","65,48","63,81","30,59M","-1,31%"
"15.03.2018","65,12","65,88","66,57","64,22","32,82M","-0,32%"
"14.03.2018","65,33","67,35","67,96","64,79","39,84M","-4,45%"
"13.03.2018","68,37","68,98","69,02","67,25","29,83M","-1,06%"
"12.03.2018","69,10","65,72","69,44","65,30","41,32M","5,61%"
"09.03.2018","65,43","64,82","65,70","64,47","27,53M","-0,59%"
"08.03.2018","65,82","66,57","66,66","65,25","17,83M","-0,96%"
"07.03.2018","66,46","65,09","66,50","64,35","25,04M","1,25%"
"06.03.2018","65,64","66,75","67,27","65,41","21,43M","-1,54%"
"05.03.2018","66,67","66,48","67,55","65,86","19,12M","-0,52%"
"02.03.2018","67,02","65,40","67,04","64,59","25,46M","1,25%"
"01.03.2018","66,19","69,00","69,73","66,01","34,43M","-3,53%"
"28.02.2018","68,61","70,51","71,05","68,44","30,35M","-2,26%"
"27.02.2018","70,20","71,25","72,00","70,00","23,99M","-1,79%"
"26.02.2018","71,48","70,70","71,80","70,47","21,70M","1,52%"
"23.02.2018","70,41","69,57","71,00","69,42","29,09M","1,70%"
"22.02.2018","69,23","67,11","69,49","66,95","34,85M","3,86%"
"21.02.2018","66,66","67,21","67,94","66,63","16,10M","-0,43%"
"20.02.2018","66,95","66,89","68,17","66,30","20,05M","-0,22%"
"16.02.2018","67,10","66,50","68,62","66,33","28,21M","0,43%"
"15.02.2018","66,81","64,90","66,82","64,48","29,56M","3,65%"
"14.02.2018","64,46","64,17","65,23","63,70","19,75M","-0,42%"
"13.02.2018","64,73","63,00","64,84","62,50","22,80M","2,50%"
"12.02.2018","63,15","63,23","63,62","61,25","31,14M","1,72%"
"09.02.2018","62,08","63,99","64,20","58,95","64,67M","-1,54%"
"08.02.2018","63,05","68,66","69,72","62,92","51,57M","-8,62%"
"07.02.2018","69,00","67,80","69,20","67,13","34,85M","3,31%"
"06.02.2018","66,79","65,04","67,24","64,70","25,44M","0,24%"
"05.02.2018","66,63","67,59","68,89","66,60","22,32M","-3,08%"
"02.02.2018","68,75","69,69","70,39","68,10","18,52M","-1,57%"
"01.02.2018","69,85","70,20","71,93","69,73","20,99M","-1,43%"
"31.01.2018","70,86","69,50","71,24","69,04","31,07M","2,46%"
"30.01.2018","69,16","69,03","69,65","68,43","23,59M","-1,07%"
"29.01.2018","69,91","67,97","70,17","67,66","23,74M","1,95%"
"26.01.2018","68,57","68,30","68,80","67,14","22,70M","1,54%"
"25.01.2018","67,53","69,65","69,84","67,28","33,70M","-2,39%"
"24.01.2018","69,18","70,92","70,95","68,70","26,44M","-1,96%"
"23.01.2018","70,56","72,00","72,10","70,20","27,33M","0,36%"
"22.01.2018","70,31","69,88","71,57","69,84","31,05M","0,44%"
"19.01.2018","70,00","69,00","70,12","68,52","24,44M","1,58%"
"18.01.2018","68,91","69,13","70,46","68,75","28,43M","-0,75%"
"17.01.2018","69,43","68,09","69,80","67,95","35,52M","2,09%"
"16.01.2018","68,01","67,51","69,00","66,96","32,37M","1,15%"
"12.01.2018","67,24","67,73","68,08","66,73","24,13M","-0,52%"
"11.01.2018","67,59","67,05","68,96","66,65","33,23M","0,94%"
"10.01.2018","66,96","66,44","67,40","66,00","21,55M","0,33%"
"09.01.2018","66,74","67,03","67,76","65,48","35,73M","-0,80%"
"08.01.2018","67,28","63,20","67,40","63,10","49,30M","6,25%"
"05.01.2018","63,32","63,32","63,45","62,40","22,96M","0,64%"
"04.01.2018","62,92","62,57","63,71","61,14","49,73M","-0,84%"
"03.01.2018","63,45","64,20","65,05","63,11","22,61M","-1,03%"
"02.01.2018","64,11","62,40","64,42","62,20","21,76M","2,95%"
"29.12.2017","62,27","63,24","63,28","62,00","18,89M","-1,27%"
"28.12.2017","63,07","62,35","63,16","61,91","21,58M","1,19%"
"27.12.2017","62,33","63,20","63,54","62,15","23,56M","-1,78%"
"26.12.2017","63,46","64,77","64,79","63,32","21,89M","-2,43%"
"22.12.2017","65,04","65,90","66,18","64,96","21,08M","-1,94%"
"21.12.2017","66,33","65,92","66,75","65,44","21,93M","0,81%"
"20.12.2017","65,80","66,54","66,62","65,01","29,77M","-0,63%"
"19.12.2017","66,22","68,05","68,30","66,06","34,12M","-2,29%"
"18.12.2017","67,77","68,98","69,35","67,52","27,38M","-1,34%"
"15.12.2017","68,69","68,41","68,78","67,15","34,67M","1,64%"
"14.12.2017","67,58","68,20","69,49","67,38","29,00M","-0,34%"
"13.12.2017","67,81","68,19","68,84","67,30","31,11M","-0,59%"
"12.12.2017","68,21","66,09","68,29","66,01","43,67M","3,69%"
"11.12.2017","65,78","62,93","65,80","62,75","39,69M","4,36%"
"08.12.2017","63,03","62,92","63,40","62,25","17,34M","1,25%"
"07.12.2017","62,25","62,40","63,73","62,21","23,90M","-0,64%"
"06.12.2017","62,65","60,02","62,68","60,00","35,98M","3,14%"
"05.12.2017","60,74","60,40","61,60","60,20","23,23M","-0,49%"
"04.12.2017","61,04","61,30","61,65","60,12","29,18M","-0,44%"
"01.12.2017","61,31","61,09","62,06","61,01","21,46M","-0,74%"
"30.11.2017","61,77","61,71","62,14","60,91","21,76M","0,42%"
"29.11.2017","61,51","63,46","63,60","60,25","43,84M","-3,15%"
"28.11.2017","63,51","63,27","64,00","62,78","24,75M","0,24%"
"27.11.2017","63,36","62,65","63,47","61,90","22,78M","0,40%"
"24.11.2017","63,11","62,76","63,28","62,20","16,22M","0,94%"
"22.11.2017","62,52","63,35","63,48","62,37","24,59M","-1,64%"
"21.11.2017","63,56","62,17","63,65","61,74","36,31M","2,93%"
"20.11.2017","61,75","62,76","63,10","60,95","41,24M","-2,00%"
"17.11.2017","63,01","65,13","65,33","62,63","68,68M","0,82%"
"16.11.2017","62,50","62,80","63,63","62,26","29,11M","0,39%"
"15.11.2017","62,26","61,20","62,50","60,30","29,89M","0,84%"
"14.11.2017","61,74","63,00","63,27","61,38","28,38M","-2,12%"
"13.11.2017","63,08","60,03","63,36","59,82","37,92M","4,09%"
"10.11.2017","60,60","60,50","61,67","60,37","23,13M","0,00%"
"09.11.2017","60,60","60,50","60,89","59,26","27,24M","-0,46%"
"08.11.2017","60,88","61,10","61,38","60,26","23,63M","-0,54%"
"07.11.2017","61,21","60,20","61,30","60,01","26,47M","1,07%"
"06.11.2017","60,56","61,40","61,50","59,80","32,43M","-1,08%"
"03.11.2017","61,22","59,90","61,25","59,03","44,47M","2,29%"
"02.11.2017","59,85","60,03","61,74","58,53","98,96M","-6,80%"
"01.11.2017","64,22","66,45","66,52","64,05","42,29M","-3,15%"
"31.10.2017","66,31","64,05","66,39","64,04","28,36M","3,58%"
"30.10.2017","64,02","63,84","64,76","63,45","21,27M","-0,23%"
"27.10.2017","64,17","63,95","64,92","63,33","34,90M","-1,63%"
"26.10.2017","65,23","65,56","66,05","64,64","25,12M","0,09%"
"25.10.2017","65,17","67,34","67,50","64,71","42,97M","-3,41%"
"24.10.2017","67,47","67,76","68,56","67,23","22,46M","0,10%"
"23.10.2017","67,40","69,98","69,99","67,25","28,74M","-2,35%"
"20.10.2017","69,02","70,54","70,91","68,87","24,65M","-1,90%"
"19.10.2017","70,36","71,11","71,43","69,64","25,31M","-2,18%"
"18.10.2017","71,93","71,19","72,60","70,83","24,70M","1,10%"
"17.10.2017","71,15","70,18","71,24","70,01","16,47M","1,47%"
"16.10.2017","70,12","70,75","70,90","69,43","26,88M","-1,39%"
"13.10.2017","71,11","71,40","71,70","70,74","17,70M","-0,04%"
"12.10.2017","71,14","70,59","71,96","70,53","20,44M","0,31%"
"11.10.2017","70,92","70,78","71,52","70,23","22,50M","-0,28%"
"10.10.2017","71,12","69,36","71,13","69,11","34,89M","3,69%"
"09.10.2017","68,59","69,93","70,35","68,53","37,47M","-3,91%"
"06.10.2017","71,38","70,62","72,02","70,45","21,49M","0,44%"
"05.10.2017","71,07","71,20","71,49","70,27","20,86M","0,10%"
"04.10.2017","71,00","70,25","71,72","69,92","40,82M","1,97%"
"03.10.2017","69,63","67,18","69,71","66,26","50,77M","1,93%"
"02.10.2017","68,31","68,50","68,74","67,10","26,43M","0,13%"
"29.09.2017","68,22","68,37","68,94","67,72","25,54M","0,44%"
"28.09.2017","67,92","67,98","68,55","67,08","26,60M","-0,40%"
"27.09.2017","68,19","69,98","70,30","68,10","30,30M","-1,25%"
"26.09.2017","69,05","70,19","70,25","68,18","35,78M","0,07%"
"25.09.2017","69,00","70,63","71,49","68,58","38,03M","-1,74%"
"22.09.2017","70,22","73,30","73,98","70,18","40,80M","-4,20%"
"21.09.2017","73,30","74,98","75,37","72,90","23,09M","-1,98%"
"20.09.2017","74,78","74,60","75,65","74,21","24,60M","-0,32%"
"19.09.2017","75,02","76,00","76,48","74,71","32,26M","-2,57%"
"18.09.2017","77,00","76,05","77,92","75,54","35,94M","1,37%"
"15.09.2017","75,96","74,90","76,00","74,54","27,10M","0,57%"
"14.09.2017","75,53","72,87","75,59","72,53","36,01M","3,11%"
"13.09.2017","73,25","72,76","73,61","71,92","20,93M","0,96%"
"12.09.2017","72,55","72,90","73,75","72,08","29,86M","-0,26%"
"11.09.2017","72,74","70,27","72,74","70,00","38,34M","5,91%"
"08.09.2017","68,68","69,80","69,96","68,46","16,32M","-2,05%"
"07.09.2017","70,12","69,20","70,50","68,69","21,20M","1,76%"
"06.09.2017","68,91","69,90","70,20","68,31","20,46M","-1,44%"
"05.09.2017","69,92","70,76","71,10","69,18","19,24M","-1,63%"
"01.09.2017","71,08","71,22","71,52","70,74","15,25M","-0,14%"
"31.08.2017","71,18","70,71","71,69","70,56","20,36M","0,76%"
"30.08.2017","70,64","69,93","70,69","69,40","17,06M","1,68%"
"29.08.2017","69,47","67,90","69,81","67,75","20,37M","0,49%"
"28.08.2017","69,13","69,46","69,47","67,94","18,82M","-0,69%"
"25.08.2017","69,61","70,85","71,14","69,46","17,42M","-1,39%"
"24.08.2017","70,59","70,50","71,33","69,95","22,92M","0,06%"
"23.08.2017","70,55","67,80","70,70","67,66","24,77M","3,34%"
"22.08.2017","68,27","68,23","68,45","67,47","21,61M","1,04%"
"21.08.2017","67,57","69,16","69,16","66,37","32,48M","-2,76%"
"18.08.2017","69,49","70,58","70,80","69,16","27,04M","-1,26%"
"17.08.2017","70,38","72,24","72,66","70,32","25,14M","-3,03%"
"16.08.2017","72,58","72,60","73,30","72,50","17,07M","0,15%"
"15.08.2017","72,47","73,04","73,10","71,87","15,43M","-0,40%"
"14.08.2017","72,76","72,93","73,53","72,52","22,60M","1,66%"
"11.08.2017","71,57","71,39","72,25","70,72","21,83M","0,69%"
"10.08.2017","71,08","72,32","73,33","70,93","35,46M","-2,24%"
"09.08.2017","72,71","72,20","74,00","71,79","34,46M","-0,45%"
"08.08.2017","73,04","71,51","73,72","71,48","37,25M","2,83%"
"07.08.2017","71,03","71,47","71,90","70,55","31,62M","-0,49%"
"04.08.2017","71,38","69,40","71,45","68,66","46,34M","2,82%"
"03.08.2017","69,42","69,07","70,00","68,63","67,68M","6,51%"
"02.08.2017","65,18","63,79","65,42","62,24","65,46M","1,99%"
"01.08.2017","63,91","64,60","64,89","63,23","41,52M","-1,21%"
"31.07.2017","64,69","67,10","68,30","64,21","42,68M","-3,46%"
"28.07.2017","67,01","67,38","67,92","66,50","24,40M","0,18%"
"27.07.2017","66,89","69,20","69,50","65,26","41,51M","-2,73%"
"26.07.2017","68,77","68,07","69,10","67,62","24,10M","1,25%"
"25.07.2017","67,92","69,00","69,12","66,83","34,95M","-0,85%"
"24.07.2017","68,50","66,05","68,68","66,00","43,19M","4,29%"
"21.07.2017","65,68","65,89","66,25","65,16","24,51M","-0,45%"
"20.07.2017","65,98","65,38","66,04","64,84","25,83M","1,43%"
"19.07.2017","65,05","65,65","66,33","64,64","31,79M","-0,91%"
"18.07.2017","65,65","63,50","65,83","63,13","31,87M","2,72%"
"17.07.2017","63,91","65,11","65,42","62,69","49,38M","-2,52%"
"14.07.2017","65,56","64,64","65,68","64,24","28,13M","1,36%"
"13.07.2017","64,68","66,02","66,32","63,99","42,97M","-1,85%"
"12.07.2017","65,90","66,08","66,62","64,90","51,73M","0,70%"
"11.07.2017","65,44","63,20","65,46","62,86","57,80M","3,53%"
"10.07.2017","63,21","62,58","63,59","60,63","69,10M","0,91%"
"07.07.2017","62,64","62,70","63,40","61,48","70,88M","1,41%"
"06.07.2017","61,77","63,45","64,16","61,26","96,62M","-5,58%"
"05.07.2017","65,42","69,44","69,45","65,27","85,23M","-7,23%"
"03.07.2017","70,52","74,05","74,27","70,30","31,53M","-2,49%"
"30.06.2017","72,32","72,74","73,35","71,92","29,24M","0,24%"
"29.06.2017","72,15","74,12","74,20","70,82","41,11M","-2,83%"
"28.06.2017","74,25","73,34","74,35","72,50","31,51M","2,46%"
"27.06.2017","72,47","75,28","75,28","72,40","34,98M","-4,01%"
"26.06.2017","75,50","77,34","77,39","74,62","33,02M","-1,55%"
"23.06.2017","76,69","76,49","77,40","75,87","32,23M","0,22%"
"22.06.2017","76,52","75,60","77,00","74,71","37,65M","1,65%"
"21.06.2017","75,28","74,87","75,40","73,60","24,62M","1,11%"
"20.06.2017","74,45","75,33","75,78","73,95","37,19M","0,66%"
"19.06.2017","73,96","75,00","75,34","73,56","32,75M","-0,43%"
"16.06.2017","74,28","75,59","75,60","74,02","33,65M","-1,05%"
"15.06.2017","75,07","74,50","75,09","73,30","52,13M","-1,39%"
"14.06.2017","76,13","76,22","76,85","75,26","64,09M","1,25%"
"13.06.2017","75,19","73,52","75,20","73,32","59,04M","4,72%"
"12.06.2017","71,80","71,60","72,90","70,12","52,59M","0,48%"
"09.06.2017","71,46","74,88","75,37","70,96","86,31M","-3,43%"
"08.06.2017","74,00","72,75","74,38","72,04","45,31M","2,88%"
"07.06.2017","71,93","71,27","72,10","71,03","46,99M","1,93%"
"06.06.2017","70,57","68,94","71,90","67,99","55,43M","1,60%"
"05.06.2017","69,46","67,70","69,69","66,84","33,92M","2,19%"
"02.06.2017","67,97","67,95","68,58","67,19","27,95M","-0,15%"
"01.06.2017","68,07","68,80","68,98","67,46","38,04M","-0,19%"
"31.05.2017","68,20","67,54","68,58","67,03","49,82M","1,76%"
"30.05.2017","67,02","65,20","67,26","65,15","38,91M","3,06%"
"26.05.2017","65,03","63,46","65,10","63,26","39,01M","2,62%"
"25.05.2017","63,37","62,20","63,39","61,56","25,07M","2,14%"
"24.05.2017","62,04","61,30","62,20","61,08","25,21M","2,09%"
"23.05.2017","60,77","62,09","62,15","60,70","21,59M","-2,09%"
"22.05.2017","62,07","62,56","62,87","61,36","21,65M","-0,16%"
"19.05.2017","62,17","63,10","63,30","62,04","23,44M","-0,70%"
"18.05.2017","62,61","61,40","62,79","61,06","28,27M","2,27%"
"17.05.2017","61,22","62,88","62,93","61,10","33,56M","-3,44%"
"16.05.2017","63,40","63,52","64,01","63,03","20,76M","0,35%"
"15.05.2017","63,18","63,68","64,04","62,51","38,11M","-2,74%"
"12.05.2017","64,96","65,10","65,40","64,31","20,61M","0,53%"
"11.05.2017","64,62","64,68","65,20","63,92","23,77M","-0,65%"
"10.05.2017","65,04","64,31","65,10","63,62","28,71M","1,23%"
"09.05.2017","64,25","61,88","64,40","61,82","48,38M","4,57%"
"08.05.2017","61,44","62,18","62,76","61,16","35,03M","-0,37%"
"05.05.2017","61,67","59,60","61,71","59,36","40,89M","4,37%"
"04.05.2017","59,09","61,49","61,55","58,15","70,76M","-5,00%"
"03.05.2017","62,20","63,53","64,31","62,09","35,67M","-2,48%"
"02.05.2017","63,78","64,80","65,53","63,31","26,91M","-1,22%"
"01.05.2017","64,57","62,98","65,45","62,96","44,15M","2,80%"
"28.04.2017","62,81","61,97","62,96","61,60","22,53M","1,75%"
"27.04.2017","61,73","62,34","62,62","61,50","17,34M","-0,48%"
"26.04.2017","62,03","62,47","62,90","61,80","23,48M","-1,16%"
"25.04.2017","62,76","61,60","62,80","61,17","33,69M","1,87%"
"24.04.2017","61,61","61,84","62,11","61,20","25,42M","0,80%"
"21.04.2017","61,12","60,40","61,28","60,08","22,55M","1,02%"
"20.04.2017","60,50","61,30","61,83","60,05","30,75M","-0,98%"
"19.04.2017","61,10","60,49","61,32","60,42","19,49M","1,75%"
"18.04.2017","60,05","59,94","60,17","59,58","15,18M","-0,40%"
"17.04.2017","60,29","60,54","60,80","59,74","20,69M","-0,84%"
"13.04.2017","60,80","59,34","61,48","59,06","46,42M","2,41%"
"12.04.2017","59,37","61,27","61,69","59,26","30,25M","-3,84%"
"11.04.2017","61,74","62,68","62,69","61,10","28,62M","-1,18%"
"10.04.2017","62,48","61,83","62,75","61,74","38,32M","3,26%"
"07.04.2017","60,51","59,50","60,54","59,43","22,90M","1,29%"
"06.04.2017","59,74","59,38","60,39","58,82","27,60M","1,25%"
"05.04.2017","59,00","60,41","60,98","58,84","39,40M","-2,86%"
"04.04.2017","60,74","59,38","60,96","58,91","50,67M","1,74%"
"03.04.2017","59,70","57,38","59,80","56,92","69,44M","7,26%"
"31.03.2017","55,66","55,75","55,94","55,26","16,47M","0,14%"
"30.03.2017","55,58","55,61","56,40","55,44","20,74M","0,18%"
"29.03.2017","55,48","55,67","55,92","55,11","18,38M","-0,02%"
"28.03.2017","55,49","55,40","56,14","55,00","39,94M","2,68%"
"27.03.2017","54,04","52,12","54,11","51,95","31,15M","2,68%"
"24.03.2017","52,63","51,14","52,78","51,00","28,24M","3,28%"
"23.03.2017","50,96","51,08","51,53","50,66","16,60M","-0,08%"
"22.03.2017","51,00","50,31","51,01","50,10","20,30M","1,72%"
"21.03.2017","50,14","52,57","52,96","50,05","34,54M","-4,28%"
"20.03.2017","52,38","52,12","52,91","51,76","18,07M","0,15%"
"17.03.2017","52,30","52,80","53,07","52,24","32,49M","-0,21%"
"16.03.2017","52,41","52,48","53,15","51,81","35,66M","2,46%"
"15.03.2017","51,15","51,40","52,20","50,85","26,65M","-0,87%"
"14.03.2017","51,60","49,22","51,62","49,20","37,99M","4,81%"
"13.03.2017","49,23","48,96","49,37","48,56","15,11M","1,01%"
"10.03.2017","48,74","49,24","49,30","48,60","15,33M","-0,49%"
"09.03.2017","48,98","49,53","49,73","48,60","19,40M","-0,79%"
"08.03.2017","49,37","49,40","50,01","49,06","18,64M","-0,70%"
"07.03.2017","49,72","50,38","50,78","49,66","17,30M","-1,04%"
"06.03.2017","50,24","49,58","50,34","49,50","16,78M","-0,14%"
"03.03.2017","50,31","50,15","50,38","49,80","14,65M","0,42%"
"02.03.2017","50,10","49,94","50,66","49,65","16,76M","0,20%"
"01.03.2017","50,00","50,84","50,97","49,82","24,05M","0,00%"
"28.02.2017","50,00","48,84","50,20","48,78","30,39M","1,52%"
"27.02.2017","49,25","49,63","49,67","48,40","57,30M","-4,18%"
"24.02.2017","51,40","50,53","51,65","50,04","40,86M","0,39%"