"Data","Ostatnio","otwarcie","Max.","Min.","Zmiana%"
"19.03.2021","3,8734","3,8781","3,8930","3,8656","-0,03%"
"18.03.2021","3,8744","3,8375","3,8867","3,8321","1,04%"
"17.03.2021","3,8344","3,8616","3,8844","3,8340","-0,65%"
"16.03.2021","3,8594","3,8456","3,8675","3,8424","0,40%"
"15.03.2021","3,8441","3,8340","3,8558","3,8268","0,31%"
"12.03.2021","3,8324","3,8253","3,8562","3,8214","0,24%"
"11.03.2021","3,8231","3,8335","3,8435","3,8130","-0,20%"
"10.03.2021","3,8307","3,8379","3,8559","3,8314","-0,13%"
"09.03.2021","3,8357","3,8807","3,8872","3,8342","-1,12%"
"08.03.2021","3,8790","3,8514","3,8846","3,8409","0,86%"
"05.03.2021","3,8459","3,8128","3,8633","3,8085","0,95%"
"04.03.2021","3,8096","3,7685","3,8191","3,7613","1,14%"
"03.03.2021","3,7665","3,7564","3,7788","3,7456","0,33%"
"02.03.2021","3,7542","3,7624","3,7854","3,7528","-0,16%"
"01.03.2021","3,7603","3,7424","3,7690","3,7299","0,56%"
"26.02.2021","3,7392","3,7146","3,7497","3,7064","0,76%"
"25.02.2021","3,7111","3,7034","3,7220","3,6803","0,28%"
"24.02.2021","3,7009","3,7094","3,7342","3,6997","-0,16%"
"23.02.2021","3,7070","3,6986","3,7156","3,6903","0,29%"
"22.02.2021","3,6962","3,7011","3,7196","3,6930","-0,05%"
"19.02.2021","3,6982","3,7125","3,7173","3,6902","-0,32%"
"18.02.2021","3,7102","3,7304","3,7374","3,7103","-0,48%"
"17.02.2021","3,7282","3,7142","3,7439","3,7095","0,45%"
"16.02.2021","3,7115","3,6976","3,7186","3,6844","0,47%"
"15.02.2021","3,6941","3,7106","3,7146","3,6923","-0,33%"
"12.02.2021","3,7062","3,7120","3,7287","3,7066","-0,09%"
"11.02.2021","3,7096","3,7066","3,7193","3,7001","0,15%"
"10.02.2021","3,7041","3,6925","3,7116","3,6818","0,37%"
"09.02.2021","3,6906","3,7148","3,7204","3,6906","-0,58%"
"08.02.2021","3,7121","3,7231","3,7355","3,7091","-0,14%"
"05.02.2021","3,7174","3,7626","3,7676","3,7185","-1,13%"
"04.02.2021","3,7600","3,7283","3,7676","3,7234","0,90%"
"03.02.2021","3,7264","3,7215","3,7441","3,7147","0,20%"
"02.02.2021","3,7190","3,7401","3,7470","3,7185","-0,46%"
"01.02.2021","3,7363","3,7248","3,7438","3,7208","0,40%"
"29.01.2021","3,7215","3,7467","3,7579","3,7183","-0,62%"
"28.01.2021","3,7446","3,7558","3,7731","3,7380","-0,24%"
"27.01.2021","3,7537","3,7380","3,7761","3,7328","0,49%"
"26.01.2021","3,7354","3,7397","3,7566","3,7337","-0,04%"
"25.01.2021","3,7370","3,7301","3,7493","3,7220","0,27%"
"22.01.2021","3,7268","3,7255","3,7371","3,7195","0,16%"
"21.01.2021","3,7208","3,7450","3,7483","3,7213","-0,53%"
"20.01.2021","3,7407","3,7389","3,7536","3,7246","0,11%"
"19.01.2021","3,7367","3,7574","3,7620","3,7323","-0,44%"
"18.01.2021","3,7531","3,7566","3,7748","3,7494","0,01%"
"15.01.2021","3,7528","3,7371","3,7625","3,7331","0,52%"
"14.01.2021","3,7333","3,7340","3,7576","3,7264","0,07%"
"13.01.2021","3,7307","3,7036","3,7392","3,6986","0,81%"
"12.01.2021","3,7008","3,7269","3,7317","3,7013","-0,60%"
"11.01.2021","3,7230","3,6906","3,7343","3,6890","0,93%"
"08.01.2021","3,6886","3,6827","3,7032","3,6725","0,26%"
"07.01.2021","3,6792","3,6714","3,6959","3,6609","0,34%"
"06.01.2021","3,6667","3,6865","3,6936","3,6516","-0,43%"
"05.01.2021","3,6825","3,7183","3,7234","3,6809","-0,88%"
"04.01.2021","3,7151","3,7408","3,7417","3,6887","-0,69%"
"01.01.2021","3,7408","3,7327","3,7420","3,7256","0,37%"
"31.12.2020","3,7271","3,7260","3,7620","3,6997","0,19%"
"30.12.2020","3,7200","3,7036","3,7461","3,6748","0,52%"
"29.12.2020","3,7008","3,6818","3,7282","3,6565","0,62%"
"28.12.2020","3,6781","3,6978","3,7093","3,6614","-0,43%"
"25.12.2020","3,6938","3,6970","3,7057","3,6897","0,06%"
"24.12.2020","3,6915","3,6955","3,7030","3,6835","0,00%"
"23.12.2020","3,6915","3,7057","3,7095","3,6827","-0,30%"
"22.12.2020","3,7025","3,6690","3,7115","3,6670","1,03%"
"21.12.2020","3,6646","3,6497","3,7322","3,6497","0,56%"
"18.12.2020","3,6443","3,6193","3,6874","3,6153","0,79%"
"17.12.2020","3,6159","3,6366","3,6421","3,6161","-0,46%"
"16.12.2020","3,6327","3,6546","3,6641","3,6260","-0,51%"
"15.12.2020","3,6515","3,6548","3,6675","3,6448","0,02%"
"14.12.2020","3,6507","3,6686","3,6846","3,6400","-0,49%"
"11.12.2020","3,6688","3,6472","3,6776","3,6376","0,74%"
"10.12.2020","3,6419","3,6707","3,6727","3,6411","-0,72%"
"09.12.2020","3,6683","3,6758","3,6811","3,6425","-0,13%"
"08.12.2020","3,6730","3,6924","3,7115","3,6718","-0,46%"
"07.12.2020","3,6901","3,6900","3,7113","3,6744","0,16%"
"04.12.2020","3,6842","3,6798","3,6941","3,6702","0,23%"
"03.12.2020","3,6758","3,6941","3,7090","3,6717","-0,40%"
"02.12.2020","3,6907","3,6855","3,7225","3,6792","0,27%"
"01.12.2020","3,6806","3,7562","3,7582","3,6811","-1,93%"
"30.11.2020","3,7532","3,7499","3,7582","3,7258","0,32%"
"27.11.2020","3,7411","3,7563","3,7724","3,7448","-0,33%"
"26.11.2020","3,7535","3,7482","3,7662","3,7390","0,23%"
"25.11.2020","3,7447","3,7521","3,7668","3,7422","-0,12%"
"24.11.2020","3,7491","3,7758","3,7787","3,7494","-0,65%"
"23.11.2020","3,7737","3,7713","3,7949","3,7519","0,21%"
"20.11.2020","3,7659","3,7619","3,7748","3,7547","0,20%"
"19.11.2020","3,7584","3,7682","3,7929","3,7582","-0,20%"
"18.11.2020","3,7659","3,7849","3,7903","3,7565","-0,41%"
"17.11.2020","3,7814","3,7739","3,7957","3,7657","0,29%"
"16.11.2020","3,7703","3,7882","3,7985","3,7627","-0,39%"
"13.11.2020","3,7851","3,8041","3,8138","3,7847","-0,45%"
"12.11.2020","3,8021","3,8068","3,8203","3,7913","-0,04%"
"11.11.2020","3,8036","3,8061","3,8212","3,7954","-0,01%"
"10.11.2020","3,8039","3,7967","3,8254","3,7808","0,21%"
"09.11.2020","3,7959","3,7945","3,8035","3,7468","0,14%"
"06.11.2020","3,7905","3,8289","3,8431","3,7859","-0,92%"
"05.11.2020","3,8257","3,8749","3,8799","3,8038","-1,18%"
"04.11.2020","3,8713","3,8762","3,9555","3,8545","-0,05%"
"03.11.2020","3,8733","3,9527","3,9583","3,8688","-1,95%"
"02.11.2020","3,9505","3,9558","3,9736","3,9446","-0,05%"
"30.10.2020","3,9524","3,9612","3,9711","3,9446","-0,19%"
"29.10.2020","3,9600","3,9447","3,9718","3,9283","0,46%"
"28.10.2020","3,9420","3,8890","3,9564","3,8852","1,40%"
"27.10.2020","3,8876","3,8774","3,8925","3,8656","0,36%"
"26.10.2020","3,8737","3,8518","3,8863","3,8484","0,64%"
"23.10.2020","3,8489","3,8705","3,8901","3,8482","-0,54%"
"22.10.2020","3,8698","3,8525","3,8837","3,8486","0,60%"
"21.10.2020","3,8467","3,8594","3,8800","3,8372","-0,24%"
"20.10.2020","3,8560","3,8879","3,9011","3,8526","-0,70%"
"19.10.2020","3,8830","3,8812","3,8907","3,8717","0,17%"
"16.10.2020","3,8763","3,8882","3,9056","3,8679","-0,20%"
"15.10.2020","3,8841","3,8440","3,9014","3,8365","1,09%"
"14.10.2020","3,8422","3,8270","3,8552","3,8180","0,45%"
"13.10.2020","3,8250","3,7733","3,8338","3,7695","1,48%"
"12.10.2020","3,7691","3,7778","3,8042","3,7702","-0,16%"
"09.10.2020","3,7751","3,8180","3,8223","3,7693","-1,07%"
"08.10.2020","3,8159","3,8114","3,8266","3,7991","0,19%"
"07.10.2020","3,8087","3,8268","3,8318","3,8024","-0,40%"
"06.10.2020","3,8239","3,8152","3,8301","3,7946","0,29%"
"05.10.2020","3,8129","3,8456","3,8473","3,8044","-0,73%"
"02.10.2020","3,8410","3,8154","3,8540","3,8111","0,75%"
"01.10.2020","3,8125","3,8670","3,8694","3,8052","-1,34%"
"30.09.2020","3,8643","3,8549","3,8921","3,8479","0,32%"
"29.09.2020","3,8521","3,9316","3,9417","3,8477","-1,91%"
"28.09.2020","3,9273","3,9139","3,9383","3,8949","0,48%"
"25.09.2020","3,9085","3,9019","3,9254","3,8903","0,20%"
"24.09.2020","3,9007","3,8731","3,9218","3,8623","0,77%"
"23.09.2020","3,8708","3,8342","3,8777","3,8263","1,09%"
"22.09.2020","3,8290","3,8180","3,8526","3,8087","0,33%"
"21.09.2020","3,8163","3,7675","3,8356","3,7517","1,40%"
"18.09.2020","3,7636","3,7592","3,7717","3,7474","0,20%"
"17.09.2020","3,7560","3,7662","3,7943","3,7557","-0,22%"
"16.09.2020","3,7643","3,7611","3,7748","3,7420","0,15%"
"15.09.2020","3,7588","3,7483","3,7646","3,7292","0,37%"
"14.09.2020","3,7450","3,7538","3,7627","3,7408","-0,15%"
"11.09.2020","3,7505","3,7689","3,7725","3,7453","-0,45%"
"10.09.2020","3,7675","3,7637","3,7786","3,7327","0,15%"
"09.09.2020","3,7620","3,7835","3,7924","3,7550","-0,47%"
"08.09.2020","3,7797","3,7550","3,7891","3,7473","0,77%"
"07.09.2020","3,7510","3,7640","3,7778","3,7485","-0,26%"
"04.09.2020","3,7608","3,7448","3,7945","3,7391","0,52%"
"03.09.2020","3,7415","3,7218","3,7621","3,7194","0,60%"
"02.09.2020","3,7190","3,6844","3,7390","3,6780","0,97%"
"01.09.2020","3,6831","3,6841","3,6904","3,6558","0,04%"
"31.08.2020","3,6815","3,6860","3,6999","3,6649","-0,06%"
"28.08.2020","3,6837","3,7315","3,7374","3,6810","-1,18%"
"27.08.2020","3,7276","3,7317","3,7533","3,6988","-0,06%"
"26.08.2020","3,7300","3,7189","3,7471","3,7116","0,34%"
"25.08.2020","3,7172","3,7292","3,7330","3,7058","-0,26%"
"24.08.2020","3,7270","3,7455","3,7473","3,7076","-0,35%"
"21.08.2020","3,7402","3,6964","3,7513","3,6850","1,26%"
"20.08.2020","3,6936","3,7169","3,7266","3,6930","-0,57%"
"19.08.2020","3,7147","3,6688","3,7199","3,6613","1,31%"
"18.08.2020","3,6668","3,7053","3,7082","3,6609","-1,00%"
"17.08.2020","3,7039","3,7123","3,7192","3,6971","-0,15%"
"14.08.2020","3,7094","3,7232","3,7336","3,7097","-0,28%"
"13.08.2020","3,7200","3,7371","3,7396","3,7065","-0,32%"
"12.08.2020","3,7320","3,7541","3,7649","3,7243","-0,50%"
"11.08.2020","3,7509","3,7476","3,7615","3,7264","0,17%"
"10.08.2020","3,7445","3,7445","3,7543","3,7310","0,01%"
"07.08.2020","3,7440","3,7185","3,7528","3,7109","0,65%"
"06.08.2020","3,7197","3,7139","3,7310","3,6890","0,19%"
"05.08.2020","3,7127","3,7241","3,7301","3,6943","-0,31%"
"04.08.2020","3,7241","3,7513","3,7604","3,7223","-0,72%"
"03.08.2020","3,7512","3,7499","3,7805","3,7406","0,09%"
"31.07.2020","3,7478","3,7224","3,7554","3,6983","0,65%"
"30.07.2020","3,7236","3,7417","3,7629","3,7185","-0,34%"
"29.07.2020","3,7362","3,7661","3,7784","3,7333","-0,80%"
"28.07.2020","3,7661","3,7353","3,7705","3,7280","0,81%"
"27.07.2020","3,7360","3,7780","3,7875","3,7266","-1,17%"
"24.07.2020","3,7803","3,8026","3,8096","3,7755","-0,59%"
"23.07.2020","3,8026","3,8219","3,8284","3,7856","-0,50%"
"22.07.2020","3,8219","3,8465","3,8614","3,8096","-0,67%"
"21.07.2020","3,8475","3,8923","3,9000","3,8407","-1,15%"
"20.07.2020","3,8925","3,9176","3,9276","3,8895","-0,63%"
"17.07.2020","3,9172","3,9395","3,9445","3,9122","-0,56%"
"16.07.2020","3,9391","3,9231","3,9469","3,9121","0,39%"
"15.07.2020","3,9238","3,9250","3,9309","3,9019","-0,05%"
"14.07.2020","3,9259","3,9592","3,9681","3,9199","-0,87%"
"13.07.2020","3,9605","3,9525","3,9627","3,9361","0,22%"
"10.07.2020","3,9518","3,9616","3,9797","3,9419","-0,25%"
"09.07.2020","3,9616","3,9502","3,9646","3,9309","0,30%"
"08.07.2020","3,9499","3,9709","3,9764","3,9458","-0,52%"
"07.07.2020","3,9705","3,9471","3,9737","3,9365","0,57%"
"06.07.2020","3,9481","3,9681","3,9734","3,9369","-0,50%"
"03.07.2020","3,9680","3,9701","3,9852","3,9606","-0,06%"
"02.07.2020","3,9703","3,9771","3,9826","3,9481","-0,16%"
"01.07.2020","3,9767","3,9565","3,9899","3,9471","0,51%"
"30.06.2020","3,9567","3,9643","3,9904","3,9448","-0,18%"
"29.06.2020","3,9639","3,9843","3,9872","3,9555","-0,46%"
"26.06.2020","3,9822","3,9706","3,9922","3,9639","0,29%"
"25.06.2020","3,9706","3,9610","3,9948","3,9548","0,24%"
"24.06.2020","3,9609","3,9332","3,9648","3,9228","0,71%"
"23.06.2020","3,9328","3,9459","3,9599","3,9132","-0,32%"
"22.06.2020","3,9455","3,9938","4,0034","3,9389","-1,16%"
"19.06.2020","3,9920","3,9712","4,0015","3,9541","0,53%"
"18.06.2020","3,9711","3,9708","3,9845","3,9514","0,01%"
"17.06.2020","3,9706","3,9472","3,9876","3,9358","0,56%"
"16.06.2020","3,9483","3,9011","3,9646","3,8879","1,21%"
"15.06.2020","3,9011","3,9483","3,9748","3,8989","-1,19%"
"12.06.2020","3,9479","3,9590","3,9773","3,9212","-0,34%"
"11.06.2020","3,9615","3,9166","3,9669","3,9048","1,24%"
"10.06.2020","3,9129","3,9188","3,9378","3,8915","-0,15%"
"09.06.2020","3,9188","3,9157","3,9558","3,9076","0,08%"
"08.06.2020","3,9157","3,9290","3,9458","3,9095","-0,33%"
"05.06.2020","3,9286","3,9138","3,9402","3,8900","0,38%"
"04.06.2020","3,9137","3,9253","3,9799","3,8877","-0,30%"
"03.06.2020","3,9254","3,9259","3,9488","3,8951","-0,02%"
"02.06.2020","3,9262","3,9548","3,9673","3,9174","-0,72%"
"01.06.2020","3,9546","4,0068","4,0071","3,9500","-1,28%"
"29.05.2020","4,0060","4,0215","4,0273","3,9873","-0,38%"
"28.05.2020","4,0211","4,0225","4,0395","4,0033","-0,08%"
"27.05.2020","4,0242","4,0455","4,0588","4,0160","-0,50%"
"26.05.2020","4,0443","4,1301","4,1352","4,0281","-2,08%"
"25.05.2020","4,1301","4,1389","4,1550","4,1241","-0,24%"
"22.05.2020","4,1400","4,1212","4,1537","4,1190","0,45%"
"21.05.2020","4,1215","4,1302","4,1435","4,1077","-0,21%"
"20.05.2020","4,1300","4,1648","4,1700","4,1190","-0,86%"
"19.05.2020","4,1659","4,1802","4,1873","4,1468","-0,37%"
"18.05.2020","4,1816","4,2231","4,2294","4,1761","-0,96%"
"15.05.2020","4,2221","4,2203","4,2332","4,2055","0,05%"
"14.05.2020","4,2200","4,2219","4,2427","4,2155","-0,03%"
"13.05.2020","4,2213","4,2084","4,2270","4,1901","0,31%"
"12.05.2020","4,2084","4,2176","4,2308","4,1828","-0,22%"
"11.05.2020","4,2177","4,2003","4,2248","4,1872","0,46%"
"08.05.2020","4,1982","4,2062","4,2142","4,1798","-0,19%"
"07.05.2020","4,2062","4,2136","4,2365","4,2010","-0,17%"
"06.05.2020","4,2134","4,1851","4,2222","4,1780","0,65%"
"05.05.2020","4,1863","4,1711","4,2017","4,1582","0,37%"
"04.05.2020","4,1708","4,1581","4,1886","4,1554","0,34%"
"01.05.2020","4,1566","4,1522","4,1657","4,1371","0,10%"
"30.04.2020","4,1522","4,1816","4,1934","4,1371","-0,68%"
"29.04.2020","4,1807","4,2062","4,2074","4,1740","-0,58%"
"28.04.2020","4,2049","4,1881","4,2070","4,1688","0,37%"
"27.04.2020","4,1894","4,1899","4,1999","4,1617","-0,01%"
"24.04.2020","4,1899","4,2142","4,2329","4,1828","-0,58%"
"23.04.2020","4,2143","4,2025","4,2242","4,1874","0,28%"
"22.04.2020","4,2024","4,1761","4,2175","4,1624","0,63%"
"21.04.2020","4,1760","4,1637","4,1929","4,1583","0,29%"
"20.04.2020","4,1638","4,1575","4,1781","4,1439","0,22%"
"17.04.2020","4,1548","4,1935","4,1970","4,1481","-0,92%"
"16.04.2020","4,1934","4,1582","4,2069","4,1539","0,83%"
"15.04.2020","4,1589","4,1150","4,1848","4,1083","1,07%"
"14.04.2020","4,1150","4,1796","4,1844","4,1105","-1,55%"
"13.04.2020","4,1796","4,1625","4,2003","4,1515","0,39%"
"10.04.2020","4,1635","4,1600","4,1696","4,1465","0,08%"
"09.04.2020","4,1603","4,1736","4,1982","4,1492","-0,27%"
"08.04.2020","4,1718","4,1564","4,1919","4,1494","0,33%"
"07.04.2020","4,1581","4,2273","4,2329","4,1380","-1,58%"
"06.04.2020","4,2249","4,2389","4,2513","4,1963","-0,43%"
"03.04.2020","4,2432","4,2126","4,2529","4,2017","0,73%"
"02.04.2020","4,2126","4,1993","4,2295","4,1778","0,32%"
"01.04.2020","4,1992","4,1311","4,2148","4,1271","1,61%"
"31.03.2020","4,1328","4,1090","4,1637","4,1075","0,58%"
"30.03.2020","4,1089","4,0736","4,1430","4,0705","0,86%"
"27.03.2020","4,0737","4,0938","4,1330","4,0654","-0,49%"
"26.03.2020","4,0938","4,1953","4,2077","4,0788","-2,42%"
"25.03.2020","4,1953","4,2673","4,2805","4,1771","-1,69%"
"24.03.2020","4,2672","4,2969","4,3050","4,2189","-0,66%"
"23.03.2020","4,2955","4,2425","4,3095","4,2211","1,21%"
"20.03.2020","4,2441","4,2828","4,2978","4,1686","-0,91%"
"19.03.2020","4,2828","4,1255","4,3011","4,0880","4,26%"
"18.03.2020","4,1077","4,0557","4,2007","4,0412","1,03%"
"17.03.2020","4,0658","3,9778","4,0890","3,9686","2,19%"
"16.03.2020","3,9787","3,9418","3,9889","3,9037","0,97%"
"13.03.2020","3,9405","3,9143","3,9627","3,8845","0,67%"
"12.03.2020","3,9141","3,8369","3,9651","3,8190","1,95%"
"11.03.2020","3,8394","3,8253","3,8457","3,7952","0,44%"
"10.03.2020","3,8225","3,7782","3,8287","3,7707","1,17%"
"09.03.2020","3,7782","3,8083","3,8083","3,7555","-0,79%"
"06.03.2020","3,8081","3,8314","3,8448","3,7814","-0,64%"
"05.03.2020","3,8327","3,8514","3,8646","3,8276","-0,49%"
"04.03.2020","3,8514","3,8573","3,8735","3,8378","-0,09%"
"03.03.2020","3,8550","3,8761","3,8920","3,8361","-0,56%"
"02.03.2020","3,8766","3,9262","3,9275","3,8632","-1,25%"
"28.02.2020","3,9258","3,9288","3,9561","3,9194","-0,10%"
"27.02.2020","3,9297","3,9663","3,9689","3,9268","-0,92%"
"26.02.2020","3,9663","3,9564","3,9714","3,9499","0,23%"
"25.02.2020","3,9571","3,9649","3,9747","3,9489","-0,24%"
"24.02.2020","3,9666","3,9547","3,9846","3,9533","0,32%"
"21.02.2020","3,9538","3,9690","3,9736","3,9463","-0,34%"
"20.02.2020","3,9672","3,9509","3,9732","3,9449","0,43%"
"19.02.2020","3,9503","3,9564","3,9655","3,9484","-0,12%"
"18.02.2020","3,9551","3,9305","3,9625","3,9281","0,61%"
"17.02.2020","3,9310","3,9238","3,9385","3,9162","0,19%"
"14.02.2020","3,9236","3,9144","3,9238","3,9064","0,19%"
"13.02.2020","3,9160","3,9095","3,9270","3,9076","0,14%"
"12.02.2020","3,9104","3,8993","3,9148","3,8944","0,29%"
"11.02.2020","3,8990","3,9095","3,9127","3,8908","-0,26%"
"10.02.2020","3,9093","3,9013","3,9165","3,8906","0,14%"
"07.02.2020","3,9040","3,8800","3,9094","3,8774","0,67%"
"06.02.2020","3,8782","3,8594","3,8847","3,8556","0,49%"
"05.02.2020","3,8592","3,8710","3,8777","3,8495","-0,31%"
"04.02.2020","3,8711","3,8858","3,8924","3,8660","-0,38%"
"03.02.2020","3,8859","3,8712","3,8925","3,8710","0,34%"
"31.01.2020","3,8729","3,8931","3,9057","3,8723","-0,50%"
"30.01.2020","3,8925","3,8931","3,8960","3,8836","-0,01%"
"29.01.2020","3,8927","3,8761","3,9000","3,8731","0,47%"
"28.01.2020","3,8746","3,8828","3,8897","3,8746","-0,20%"
"27.01.2020","3,8822","3,8584","3,8871","3,8546","0,55%"
"24.01.2020","3,8609","3,8417","3,8687","3,8367","0,52%"
"23.01.2020","3,8408","3,8205","3,8500","3,8182","0,53%"
"22.01.2020","3,8205","3,8171","3,8311","3,8137","0,08%"
"21.01.2020","3,8173","3,8243","3,8323","3,8083","-0,20%"
"20.01.2020","3,8248","3,8240","3,8316","3,8175","0,04%"
"17.01.2020","3,8232","3,7995","3,8264","3,7948","0,62%"
"16.01.2020","3,7997","3,7953","3,8051","3,7889","0,17%"
"15.01.2020","3,7933","3,7948","3,8016","3,7818","-0,03%"
"14.01.2020","3,7944","3,8023","3,8047","3,7871","-0,19%"
"13.01.2020","3,8018","3,8068","3,8163","3,7992","-0,19%"
"10.01.2020","3,8091","3,8228","3,8348","3,8064","-0,34%"
"09.01.2020","3,8222","3,8123","3,8287","3,8066","0,29%"
"08.01.2020","3,8110","3,8043","3,8197","3,7990","0,14%"
"07.01.2020","3,8056","3,7811","3,8123","3,7782","0,69%"
"06.01.2020","3,7796","3,8029","3,8078","3,7787","-0,60%"
"03.01.2020","3,8024","3,7934","3,8266","3,7898","0,18%"
"02.01.2020","3,7957","3,7943","3,8069","3,7888","0,06%"
"01.01.2020","3,7933","3,7933","3,7933","3,7933","0,00%"
"31.12.2019","3,7933","3,7988","3,8022","3,7849","-0,14%"
"30.12.2019","3,7988","3,8129","3,8133","3,7915","-0,36%"
"27.12.2019","3,8127","3,8373","3,8405","3,8087","-0,63%"
"26.12.2019","3,8367","3,8447","3,8483","3,8323","-0,19%"
"25.12.2019","3,8440","3,8416","3,8474","3,8349","0,03%"
"24.12.2019","3,8428","3,8527","3,8575","3,8354","-0,25%"
"23.12.2019","3,8523","3,8411","3,8563","3,8365","0,24%"
"20.12.2019","3,8432","3,8343","3,8480","3,8265","0,27%"
"19.12.2019","3,8327","3,8397","3,8401","3,8262","-0,18%"
"18.12.2019","3,8395","3,8213","3,8459","3,8168","0,49%"
"17.12.2019","3,8208","3,8202","3,8344","3,8117","0,01%"
"16.12.2019","3,8203","3,8380","3,8514","3,8182","-0,47%"
"13.12.2019","3,8384","3,8495","3,8514","3,8220","-0,31%"
"12.12.2019","3,8502","3,8478","3,8630","3,8415","0,06%"
"11.12.2019","3,8479","3,8653","3,8733","3,8409","-0,51%"
"10.12.2019","3,8677","3,8754","3,8784","3,8645","-0,17%"
"09.12.2019","3,8743","3,8636","3,8775","3,8625","0,20%"
"06.12.2019","3,8664","3,8531","3,8803","3,8468","0,38%"
"05.12.2019","3,8516","3,8636","3,8655","3,8487","-0,30%"
"04.12.2019","3,8631","3,8663","3,8704","3,8505","-0,09%"
"03.12.2019","3,8666","3,8693","3,8779","3,8601","-0,07%"
"02.12.2019","3,8695","3,9141","3,9186","3,8632","-1,21%"
"29.11.2019","3,9169","3,9245","3,9358","3,9116","-0,19%"
"28.11.2019","3,9243","3,9212","3,9346","3,9140","0,17%"
"27.11.2019","3,9177","3,9064","3,9226","3,9040","0,30%"
"26.11.2019","3,9058","3,9022","3,9126","3,8984","0,09%"
"25.11.2019","3,9024","3,9003","3,9076","3,8939","0,08%"
"22.11.2019","3,8992","3,8857","3,9024","3,8767","0,29%"
"21.11.2019","3,8878","3,8792","3,8899","3,8712","0,23%"
"20.11.2019","3,8790","3,8680","3,8866","3,8658","0,28%"
"19.11.2019","3,8683","3,8784","3,8813","3,8653","-0,27%"
"18.11.2019","3,8786","3,8657","3,8830","3,8643","0,26%"
"15.11.2019","3,8685","3,8912","3,8957","3,8676","-0,51%"
"14.11.2019","3,8885","3,8990","3,9082","3,8851","-0,28%"
"13.11.2019","3,8994","3,8887","3,9029","3,8840","0,26%"
"12.11.2019","3,8891","3,8735","3,8914","3,8674","0,43%"
"11.11.2019","3,8725","3,8708","3,8782","3,8651","0,05%"
"08.11.2019","3,8706","3,8542","3,8739","3,8502","0,42%"
"07.11.2019","3,8546","3,8537","3,8582","3,8439","0,01%"
"06.11.2019","3,8544","3,8518","3,8590","3,8460","0,09%"
"05.11.2019","3,8508","3,8342","3,8573","3,8279","0,43%"
"04.11.2019","3,8344","3,8074","3,8373","3,8032","0,68%"
"01.11.2019","3,8085","3,8226","3,8260","3,8062","-0,34%"
"31.10.2019","3,8215","3,8173","3,8274","3,8110","0,07%"
"30.10.2019","3,8188","3,8428","3,8486","3,8174","-0,61%"
"29.10.2019","3,8421","3,8503","3,8624","3,8355","-0,20%"
"28.10.2019","3,8498","3,8616","3,8657","3,8470","-0,29%"
"25.10.2019","3,8611","3,8531","3,8649","3,8424","0,20%"
"24.10.2019","3,8533","3,8386","3,8579","3,8281","0,36%"
"23.10.2019","3,8394","3,8369","3,8540","3,8354","0,05%"
"22.10.2019","3,8373","3,8356","3,8449","3,8295","0,02%"
"21.10.2019","3,8366","3,8379","3,8430","3,8267","0,10%"
"18.10.2019","3,8328","3,8492","3,8552","3,8314","-0,44%"
"17.10.2019","3,8498","3,8692","3,8797","3,8432","-0,49%"
"16.10.2019","3,8689","3,8906","3,9017","3,8651","-0,54%"
"15.10.2019","3,8899","3,8946","3,9082","3,8847","-0,17%"
"14.10.2019","3,8965","3,8967","3,9099","3,8880","-0,07%"
"11.10.2019","3,8992","3,9146","3,9186","3,8881","-0,45%"
"10.10.2019","3,9169","3,9371","3,9396","3,9114","-0,57%"
"09.10.2019","3,9394","3,9444","3,9518","3,9320","-0,18%"
"08.10.2019","3,9467","3,9479","3,9571","3,9401","0,03%"
"07.10.2019","3,9455","3,9354","3,9546","3,9297","0,25%"
"04.10.2019","3,9356","3,9508","3,9518","3,9310","-0,40%"
"03.10.2019","3,9516","3,9769","3,9922","3,9369","-0,67%"
"02.10.2019","3,9783","4,0042","4,0190","3,9769","-0,64%"
"01.10.2019","4,0038","4,0088","4,0254","3,9994","-0,17%"
"30.09.2019","4,0108","4,0066","4,0244","3,9983","0,13%"
"27.09.2019","4,0056","4,0161","4,0220","3,9985","-0,26%"
"26.09.2019","4,0160","4,0048","4,0226","3,9950","0,27%"
"25.09.2019","4,0051","3,9746","4,0089","3,9720","0,77%"
"24.09.2019","3,9743","3,9920","4,0005","3,9726","-0,51%"
"23.09.2019","3,9945","3,9699","4,0112","3,9653","0,62%"
"20.09.2019","3,9699","3,9314","3,9798","3,9213","0,92%"
"19.09.2019","3,9337","3,9327","3,9415","3,9186","-0,02%"
"18.09.2019","3,9346","3,9173","3,9444","3,9122","0,46%"
"17.09.2019","3,9165","3,9357","3,9496","3,9161","-0,48%"
"16.09.2019","3,9354","3,9046","3,9401","3,9023","0,78%"
"13.09.2019","3,9049","3,9175","3,9226","3,8941","-0,36%"
"12.09.2019","3,9191","3,9415","3,9639","3,9110","-0,58%"
"11.09.2019","3,9419","3,9245","3,9505","3,9191","0,48%"
"10.09.2019","3,9230","3,9209","3,9301","3,9175","0,03%"
"09.09.2019","3,9217","3,9320","3,9399","3,9173","-0,33%"
"06.09.2019","3,9348","3,9373","3,9430","3,9261","0,02%"
"05.09.2019","3,9341","3,9320","3,9465","3,9122","0,04%"
"04.09.2019","3,9327","3,9606","3,9653","3,9281","-0,67%"
"03.09.2019","3,9594","3,9758","3,9990","3,9577","-0,42%"
"02.09.2019","3,9760","3,9848","3,9884","3,9672","-0,16%"
"30.08.2019","3,9825","3,9686","3,9981","3,9630","0,39%"
"29.08.2019","3,9672","3,9639","3,9752","3,9540","0,09%"
"28.08.2019","3,9638","3,9463","3,9663","3,9433","0,43%"
"27.08.2019","3,9468","3,9310","3,9495","3,9239","0,42%"
"26.08.2019","3,9301","3,9276","3,9350","3,9179","0,08%"
"23.08.2019","3,9268","3,9333","3,9444","3,9213","-0,15%"
"22.08.2019","3,9327","3,9221","3,9505","3,9158","0,26%"
"21.08.2019","3,9224","3,9279","3,9326","3,9145","-0,10%"
"20.08.2019","3,9264","3,9424","3,9463","3,9247","-0,42%"
"19.08.2019","3,9428","3,9125","3,9444","3,9089","0,80%"
"16.08.2019","3,9114","3,9348","3,9407","3,9000","-0,60%"
"15.08.2019","3,9350","3,9259","3,9478","3,9146","0,22%"
"14.08.2019","3,9263","3,8794","3,9301","3,8756","1,20%"
"13.08.2019","3,8798","3,8610","3,8823","3,8579","0,48%"
"12.08.2019","3,8612","3,8612","3,8765","3,8540","0,02%"
"09.08.2019","3,8605","3,8687","3,8693","3,8518","-0,23%"
"08.08.2019","3,8695","3,8592","3,8695","3,8474","0,30%"
"07.08.2019","3,8581","3,8528","3,8637","3,8447","0,12%"
"06.08.2019","3,8535","3,8567","3,8620","3,8407","-0,11%"
"05.08.2019","3,8579","3,8796","3,8826","3,8500","-0,52%"
"02.08.2019","3,8780","3,8881","3,8927","3,8695","-0,27%"
"01.08.2019","3,8885","3,8731","3,9009","3,8695","0,41%"
"31.07.2019","3,8727","3,8519","3,8801","3,8460","0,54%"
"30.07.2019","3,8519","3,8481","3,8609","3,8449","0,10%"
"29.07.2019","3,8482","3,8414","3,8548","3,8339","0,16%"
"26.07.2019","3,8422","3,8192","3,8466","3,8173","0,57%"
"25.07.2019","3,8203","3,8178","3,8285","3,8056","0,07%"
"24.07.2019","3,8176","3,8153","3,8269","3,8123","0,06%"
"23.07.2019","3,8155","3,7883","3,8184","3,7876","0,71%"
"22.07.2019","3,7885","3,7887","3,7950","3,7833","-0,01%"
"19.07.2019","3,7889","3,7725","3,7955","3,7700","0,44%"
"18.07.2019","3,7723","3,7973","3,8022","3,7717","-0,67%"
"17.07.2019","3,7978","3,7965","3,8062","3,7936","0,02%"
"16.07.2019","3,7972","3,7864","3,8027","3,7826","0,32%"
"15.07.2019","3,7849","3,7871","3,7908","3,7772","-0,10%"
"12.07.2019","3,7885","3,7917","3,7988","3,7830","-0,09%"
"11.07.2019","3,7921","3,7923","3,7955","3,7795","-0,01%"
"10.07.2019","3,7923","3,8112","3,8142","3,7862","-0,51%"
"09.07.2019","3,8117","3,7953","3,8146","3,7925","0,43%"
"08.07.2019","3,7953","3,7886","3,8010","3,7821","0,19%"
"05.07.2019","3,7881","3,7584","3,7969","3,7571","0,75%"
"04.07.2019","3,7599","3,7582","3,7647","3,7521","0,01%"
"03.07.2019","3,7597","3,7597","3,7679","3,7481","0,02%"
"02.07.2019","3,7590","3,7605","3,7635","3,7477","-0,04%"
"01.07.2019","3,7605","3,7321","3,7633","3,7319","0,74%"
"28.06.2019","3,7329","3,7391","3,7429","3,7266","-0,16%"
"27.06.2019","3,7390","3,7473","3,7548","3,7366","-0,21%"
"26.06.2019","3,7468","3,7452","3,7576","3,7399","0,05%"
"25.06.2019","3,7449","3,7306","3,7526","3,7262","0,37%"
"24.06.2019","3,7311","3,7409","3,7447","3,7292","-0,30%"
"21.06.2019","3,7422","3,7654","3,7748","3,7386","-0,63%"
"20.06.2019","3,7661","3,7959","3,7983","3,7589","-0,81%"
"19.06.2019","3,7967","3,8062","3,8133","3,7889","-0,24%"
"18.06.2019","3,8058","3,7990","3,8138","3,7912","0,21%"
"17.06.2019","3,7980","3,7980","3,8022","3,7879","0,01%"
"14.06.2019","3,7978","3,7727","3,8009","3,7671","0,64%"
"13.06.2019","3,7736","3,7702","3,7782","3,7645","0,04%"
"12.06.2019","3,7722","3,7648","3,7729","3,7558","0,19%"
"11.06.2019","3,7649","3,7681","3,7763","3,7603","-0,11%"
"10.06.2019","3,7689","3,7590","3,7784","3,7590","0,28%"
"07.06.2019","3,7584","3,7879","3,8001","3,7529","-0,80%"
"06.06.2019","3,7889","3,8110","3,8136","3,7811","-0,61%"
"05.06.2019","3,8121","3,8016","3,8133","3,7826","0,28%"
"04.06.2019","3,8014","3,8066","3,8133","3,7963","-0,14%"
"03.06.2019","3,8066","3,8335","3,8373","3,8001","-0,72%"
"31.05.2019","3,8342","3,8546","3,8569","3,8295","-0,56%"
"30.05.2019","3,8556","3,8577","3,8596","3,8481","-0,04%"
"29.05.2019","3,8572","3,8504","3,8640","3,8457","0,17%"
"28.05.2019","3,8506","3,8316","3,8514","3,8298","0,48%"
"27.05.2019","3,8321","3,8287","3,8398","3,8270","0,07%"
"24.05.2019","3,8293","3,8495","3,8525","3,8264","-0,54%"
"23.05.2019","3,8500","3,8605","3,8775","3,8472","-0,29%"
"22.05.2019","3,8612","3,8578","3,8675","3,8497","0,09%"
"21.05.2019","3,8579","3,8513","3,8679","3,8463","0,15%"
"20.05.2019","3,8523","3,8603","3,8613","3,8458","-0,18%"
"17.05.2019","3,8594","3,8497","3,8617","3,8460","0,25%"
"16.05.2019","3,8499","3,8394","3,8548","3,8242","0,27%"
"15.05.2019","3,8394","3,8468","3,8569","3,8353","-0,18%"
"14.05.2019","3,8462","3,8384","3,8474","3,8285","0,22%"
"13.05.2019","3,8378","3,8241","3,8378","3,8190","0,34%"
"10.05.2019","3,8247","3,8323","3,8337","3,8186","-0,22%"
"09.05.2019","3,8331","3,8356","3,8479","3,8218","-0,05%"
"08.05.2019","3,8350","3,8323","3,8394","3,8249","0,06%"
"07.05.2019","3,8327","3,8258","3,8434","3,8171","0,17%"
"06.05.2019","3,8262","3,8188","3,8407","3,8173","0,23%"
"03.05.2019","3,8176","3,8354","3,8487","3,8161","-0,45%"
"02.05.2019","3,8350","3,8258","3,8371","3,8144","0,24%"
"01.05.2019","3,8258","3,8211","3,8285","3,7997","0,12%"
"30.04.2019","3,8211","3,8384","3,8434","3,8144","-0,42%"
"29.04.2019","3,8372","3,8561","3,8566","3,8369","-0,44%"
"26.04.2019","3,8542","3,8540","3,8580","3,8392","-0,02%"
"25.04.2019","3,8551","3,8526","3,8655","3,8463","0,09%"
"24.04.2019","3,8516","3,8169","3,8580","3,8165","0,91%"
"23.04.2019","3,8167","3,8047","3,8335","3,8032","0,34%"
"22.04.2019","3,8039","3,8079","3,8106","3,8011","-0,09%"
"19.04.2019","3,8072","3,8096","3,8106","3,8005","-0,06%"
"18.04.2019","3,8096","3,7814","3,8152","3,7778","0,75%"
"17.04.2019","3,7811","3,7875","3,7914","3,7741","-0,17%"
"16.04.2019","3,7874","3,7820","3,7906","3,7768","0,15%"
"15.04.2019","3,7818","3,7862","3,7875","3,7744","-0,11%"
"12.04.2019","3,7860","3,8051","3,8062","3,7753","-0,52%"
"11.04.2019","3,8058","3,7967","3,8077","3,7908","0,24%"
"10.04.2019","3,7965","3,8045","3,8138","3,7936","-0,23%"
"09.04.2019","3,8051","3,8053","3,8098","3,7952","-0,03%"
"08.04.2019","3,8064","3,8266","3,8281","3,8013","-0,49%"
"05.04.2019","3,8253","3,8215","3,8289","3,8123","0,10%"
"04.04.2019","3,8215","3,8190","3,8312","3,8125","0,08%"
"03.04.2019","3,8186","3,8348","3,8378","3,8095","-0,44%"
"02.04.2019","3,8354","3,8306","3,8449","3,8291","0,15%"
"01.04.2019","3,8298","3,8338","3,8373","3,8229","-0,19%"
"29.03.2019","3,8371","3,8277","3,8405","3,8188","0,24%"
"28.03.2019","3,8279","3,8180","3,8329","3,8133","0,25%"
"27.03.2019","3,8182","3,8081","3,8213","3,8035","0,24%"
"26.03.2019","3,8089","3,7942","3,8112","3,7894","0,41%"
"25.03.2019","3,7934","3,8039","3,8083","3,7860","-0,28%"
"22.03.2019","3,8039","3,7683","3,8144","3,7565","0,94%"
"21.03.2019","3,7685","3,7481","3,7811","3,7399","0,52%"
"20.03.2019","3,7489","3,7769","3,7820","3,7391","-0,74%"
"19.03.2019","3,7769","3,7855","3,7890","3,7736","-0,21%"
"18.03.2019","3,7847","3,7976","3,7999","3,7822","-0,31%"
"15.03.2019","3,7963","3,8058","3,8091","3,7915","-0,27%"
"14.03.2019","3,8064","3,7963","3,8117","3,7921","0,28%"
"13.03.2019","3,7959","3,8083","3,8152","3,7929","-0,35%"
"12.03.2019","3,8093","3,8234","3,8270","3,8028","-0,39%"
"11.03.2019","3,8241","3,8299","3,8352","3,8172","-0,16%"
"08.03.2019","3,8304","3,8540","3,8577","3,8215","-0,61%"
"07.03.2019","3,8540","3,8014","3,8605","3,7982","1,38%"
"06.03.2019","3,8016","3,8033","3,8104","3,7949","-0,09%"
"05.03.2019","3,8051","3,7908","3,8104","3,7898","0,37%"
"04.03.2019","3,7910","3,7889","3,8035","3,7839","0,09%"
"01.03.2019","3,7875","3,7853","3,7936","3,7727","0,03%"
"28.02.2019","3,7862","3,7961","3,7976","3,7713","-0,26%"
"27.02.2019","3,7962","3,7954","3,8064","3,7849","0,02%"
"26.02.2019","3,7954","3,8197","3,8237","3,7919","-0,63%"
"25.02.2019","3,8194","3,8260","3,8296","3,8131","-0,17%"
"22.02.2019","3,8260","3,8232","3,8333","3,8150","0,05%"
"21.02.2019","3,8241","3,8194","3,8327","3,8083","0,10%"
"20.02.2019","3,8201","3,8187","3,8348","3,8093","0,04%"
"19.02.2019","3,8185","3,8275","3,8472","3,8137","-0,26%"
"18.02.2019","3,8283","3,8363","3,8375","3,8199","-0,18%"
"15.02.2019","3,8353","3,8325","3,8578","3,8280","0,06%"
"14.02.2019","3,8331","3,8525","3,8605","3,8331","-0,51%"
"13.02.2019","3,8526","3,8220","3,8546","3,8149","0,81%"
"12.02.2019","3,8218","3,8359","3,8449","3,8175","-0,37%"
"11.02.2019","3,8359","3,8049","3,8396","3,8030","0,74%"
"08.02.2019","3,8079","3,7978","3,8114","3,7931","0,26%"
"07.02.2019","3,7982","3,7827","3,8017","3,7767","0,43%"
"06.02.2019","3,7818","3,7576","3,7841","3,7561","0,61%"
"05.02.2019","3,7588","3,7468","3,7618","3,7454","0,31%"
"04.02.2019","3,7470","3,7435","3,7532","3,7359","0,09%"
"01.02.2019","3,7437","3,7218","3,7468","3,7193","0,54%"
"31.01.2019","3,7236","3,7338","3,7342","3,7082","-0,25%"
"30.01.2019","3,7330","3,7559","3,7618","3,7239","-0,62%"
"29.01.2019","3,7563","3,7576","3,7660","3,7490","-0,01%"
"28.01.2019","3,7567","3,7586","3,7708","3,7496","-0,03%"
"25.01.2019","3,7578","3,7912","3,7948","3,7536","-0,90%"
"24.01.2019","3,7921","3,7677","3,8026","3,7658","0,64%"
"23.01.2019","3,7679","3,7729","3,7795","3,7662","-0,13%"
"22.01.2019","3,7729","3,7691","3,7809","3,7670","0,10%"
"21.01.2019","3,7691","3,7761","3,7803","3,7654","-0,14%"
"18.01.2019","3,7742","3,7633","3,7797","3,7599","0,28%"
"17.01.2019","3,7635","3,7580","3,7710","3,7542","0,14%"
"16.01.2019","3,7582","3,7616","3,7694","3,7517","-0,06%"
"15.01.2019","3,7605","3,7418","3,7752","3,7342","0,51%"
"14.01.2019","3,7414","3,7433","3,7536","3,7367","-0,02%"
"11.01.2019","3,7422","3,7340","3,7496","3,7207","0,19%"
"10.01.2019","3,7351","3,7269","3,7397","3,7176","0,23%"
"09.01.2019","3,7264","3,7553","3,7580","3,7203","-0,77%"
"08.01.2019","3,7555","3,7443","3,7681","3,7401","0,28%"
"07.01.2019","3,7449","3,7671","3,7673","3,7414","-0,57%"
"04.01.2019","3,7662","3,7660","3,7870","3,7557","0,01%"
"03.01.2019","3,7658","3,7832","3,8011","3,7595","-0,48%"
"02.01.2019","3,7838","3,7428","3,7920","3,7308","1,13%"
"01.01.2019","3,7416","3,7407","3,7532","3,7370","0,05%"
"31.12.2018","3,7399","3,7578","3,7685","3,7386","-0,50%"
"28.12.2018","3,7586","3,7544","3,7664","3,7424","0,08%"
"27.12.2018","3,7555","3,7713","3,7805","3,7477","-0,45%"
"26.12.2018","3,7723","3,7644","3,7779","3,7544","0,23%"
"25.12.2018","3,7637","3,7550","3,7654","3,7513","0,23%"
"24.12.2018","3,7550","3,7731","3,7759","3,7407","-0,47%"
"21.12.2018","3,7727","3,7443","3,7763","3,7323","0,76%"
"20.12.2018","3,7441","3,7698","3,7708","3,7300","-0,66%"
"19.12.2018","3,7689","3,7717","3,7734","3,7420","-0,08%"
"18.12.2018","3,7719","3,7748","3,7814","3,7563","-0,08%"
"17.12.2018","3,7748","3,7953","3,8008","3,7698","-0,56%"
"14.12.2018","3,7959","3,7833","3,8142","3,7795","0,33%"
"13.12.2018","3,7836","3,7767","3,7893","3,7653","0,20%"
"12.12.2018","3,7761","3,8009","3,8016","3,7666","-0,65%"
"11.12.2018","3,8009","3,7826","3,8056","3,7696","0,53%"
"10.12.2018","3,7809","3,7683","3,7843","3,7473","0,32%"
"07.12.2018","3,7687","3,7631","3,7767","3,7538","0,14%"
"06.12.2018","3,7633","3,7759","3,7913","3,7496","-0,33%"
"05.12.2018","3,7759","3,7738","3,7870","3,7689","0,05%"
"04.12.2018","3,7740","3,7673","3,7841","3,7471","0,18%"
"03.12.2018","3,7673","3,7900","3,7900","3,7612","-0,64%"
"30.11.2018","3,7915","3,7616","3,7976","3,7597","0,79%"
"29.11.2018","3,7616","3,7713","3,7870","3,7609","-0,25%"
"28.11.2018","3,7709","3,8015","3,8149","3,7630","-0,80%"
"27.11.2018","3,8014","3,7934","3,8114","3,7841","0,21%"
"26.11.2018","3,7936","3,7851","3,7963","3,7664","0,22%"
"23.11.2018","3,7854","3,7664","3,7912","3,7559","0,50%"
"22.11.2018","3,7664","3,7790","3,7799","3,7616","-0,33%"
"21.11.2018","3,7790","3,7929","3,7942","3,7622","-0,35%"
"20.11.2018","3,7921","3,7816","3,7990","3,7734","0,30%"
"19.11.2018","3,7809","3,7803","3,7955","3,7746","0,04%"
"16.11.2018","3,7793","3,7839","3,8125","3,7694","-0,10%"
"15.11.2018","3,7832","3,7990","3,8131","3,7710","-0,46%"
"14.11.2018","3,8005","3,8024","3,8161","3,7822","-0,06%"
"13.11.2018","3,8026","3,8380","3,8382","3,7976","-0,90%"
"12.11.2018","3,8371","3,7831","3,8386","3,7831","1,45%"
"09.11.2018","3,7824","3,7687","3,7942","3,7635","0,36%"
"08.11.2018","3,7687","3,7529","3,7721","3,7405","0,42%"
"07.11.2018","3,7530","3,7660","3,7778","3,7296","-0,35%"
"06.11.2018","3,7660","3,7742","3,7854","3,7652","-0,22%"
"05.11.2018","3,7742","3,7830","3,7976","3,7673","-0,23%"
"02.11.2018","3,7830","3,7894","3,8007","3,7700","-0,17%"
"01.11.2018","3,7894","3,8388","3,8405","3,7835","-1,28%"
"31.10.2018","3,8386","3,8154","3,8418","3,8110","0,61%"
"30.10.2018","3,8155","3,8060","3,8209","3,7990","0,23%"
"29.10.2018","3,8066","3,7816","3,8077","3,7723","0,67%"
"26.10.2018","3,7814","3,7887","3,8096","3,7729","-0,20%"
"25.10.2018","3,7889","3,7872","3,7960","3,7705","0,08%"
"24.10.2018","3,7860","3,7464","3,7894","3,7426","1,06%"
"23.10.2018","3,7464","3,7433","3,7582","3,7344","0,08%"
"22.10.2018","3,7433","3,7311","3,7458","3,7125","0,35%"
"19.10.2018","3,7302","3,7584","3,7664","3,7243","-0,76%"
"18.10.2018","3,7586","3,7323","3,7639","3,7243","0,70%"
"17.10.2018","3,7323","3,7026","3,7336","3,6993","0,80%"
"16.10.2018","3,7027","3,7073","3,7125","3,6894","-0,12%"
"15.10.2018","3,7073","3,7167","3,7239","3,6953","-0,24%"
"12.10.2018","3,7161","3,7155","3,7264","3,7054","0,01%"
"11.10.2018","3,7157","3,7487","3,7515","3,7128","-0,88%"
"10.10.2018","3,7487","3,7466","3,7541","3,7358","0,07%"
"09.10.2018","3,7460","3,7563","3,7780","3,7393","-0,27%"
"08.10.2018","3,7563","3,7357","3,7652","3,7346","0,52%"
"05.10.2018","3,7370","3,7447","3,7536","3,7235","-0,20%"
"04.10.2018","3,7445","3,7477","3,7563","3,7287","-0,09%"
"03.10.2018","3,7479","3,7195","3,7519","3,6968","0,74%"
"02.10.2018","3,7202","3,7019","3,7364","3,7001","0,51%"
"01.10.2018","3,7014","3,6885","3,7046","3,6787","0,35%"
"28.09.2018","3,6885","3,6684","3,6989","3,6618","0,55%"
"27.09.2018","3,6683","3,6376","3,6692","3,6326","0,84%"
"26.09.2018","3,6376","3,6441","3,6528","3,6206","-0,18%"
"25.09.2018","3,6441","3,6570","3,6696","3,6362","-0,35%"
"24.09.2018","3,6569","3,6653","3,6752","3,6410","-0,23%"
"21.09.2018","3,6652","3,6431","3,6686","3,6362","0,60%"
"20.09.2018","3,6435","3,6721","3,6768","3,6397","-0,77%"
"19.09.2018","3,6719","3,6763","3,6846","3,6625","-0,10%"
"18.09.2018","3,6757","3,6804","3,6883","3,6648","-0,10%"
"17.09.2018","3,6795","3,7035","3,7090","3,6736","-0,66%"
"14.09.2018","3,7039","3,6803","3,7069","3,6662","0,62%"
"13.09.2018","3,6810","3,7062","3,7183","3,6760","-0,66%"
"12.09.2018","3,7054","3,7090","3,7279","3,6942","-0,10%"
"11.09.2018","3,7090","3,7191","3,7273","3,6942","-0,28%"
"10.09.2018","3,7193","3,7346","3,7492","3,7149","-0,40%"
"07.09.2018","3,7344","3,7203","3,7416","3,6928","0,41%"
"06.09.2018","3,7192","3,7197","3,7371","3,7011","-0,00%"
"05.09.2018","3,7193","3,7212","3,7424","3,7079","-0,07%"
"04.09.2018","3,7218","3,6934","3,7395","3,6917","0,75%"
"03.09.2018","3,6942","3,7224","3,7224","3,6867","-0,39%"
"31.08.2018","3,7088","3,6835","3,7149","3,6683","0,66%"
"30.08.2018","3,6846","3,6633","3,6946","3,6580","0,62%"
"29.08.2018","3,6620","3,6532","3,6785","3,6496","0,26%"
"28.08.2018","3,6526","3,6568","3,6635","3,6366","-0,13%"
"27.08.2018","3,6574","3,6818","3,6901","3,6496","-0,61%"
"24.08.2018","3,6797","3,7159","3,7199","3,6721","-1,02%"
"23.08.2018","3,7176","3,6827","3,7214","3,6799","0,95%"
"22.08.2018","3,6826","3,7096","3,7202","3,6802","-0,72%"
"21.08.2018","3,7094","3,7515","3,7536","3,6932","-1,15%"
"20.08.2018","3,7525","3,7540","3,7755","3,7500","-0,02%"
"17.08.2018","3,7532","3,7835","3,7973","3,7498","-0,81%"
"16.08.2018","3,7837","3,8096","3,8127","3,7704","-0,66%"
"15.08.2018","3,8089","3,7919","3,8413","3,7858","0,44%"
"14.08.2018","3,7921","3,7706","3,8001","3,7527","0,58%"
"13.08.2018","3,7703","3,7642","3,7968","3,7520","0,23%"
"10.08.2018","3,7616","3,7104","3,7780","3,7083","1,37%"
"09.08.2018","3,7106","3,6734","3,7144","3,6711","1,03%"
"08.08.2018","3,6726","3,6721","3,6845","3,6606","0,01%"
"07.08.2018","3,6721","3,6864","3,6875","3,6635","-0,38%"
"06.08.2018","3,6862","3,6841","3,7090","3,6768","0,05%"
"03.08.2018","3,6843","3,6896","3,7033","3,6644","-0,15%"
"02.08.2018","3,6898","3,6538","3,6913","3,6511","0,97%"
"01.08.2018","3,6545","3,6582","3,6702","3,6467","-0,08%"
"31.07.2018","3,6576","3,6488","3,6604","3,6420","0,25%"
"30.07.2018","3,6484","3,6896","3,6896","3,6439","-0,74%"
"27.07.2018","3,6757","3,6841","3,6984","3,6681","-0,23%"
"26.07.2018","3,6843","3,6633","3,6854","3,6503","0,57%"
"25.07.2018","3,6635","3,6827","3,6947","3,6587","-0,52%"
"24.07.2018","3,6827","3,7008","3,7189","3,6681","-0,49%"
"23.07.2018","3,7010","3,6856","3,7060","3,6766","0,44%"
"20.07.2018","3,6848","3,7271","3,7421","3,6809","-1,12%"
"19.07.2018","3,7264","3,7012","3,7428","3,6976","0,68%"
"18.07.2018","3,7014","3,6846","3,7165","3,6822","0,46%"
"17.07.2018","3,6846","3,6738","3,6898","3,6601","0,29%"
"16.07.2018","3,6738","3,6921","3,6953","3,6677","-0,49%"
"13.07.2018","3,6919","3,7037","3,7292","3,6886","-0,32%"
"12.07.2018","3,7039","3,7191","3,7212","3,6886","-0,41%"
"11.07.2018","3,7191","3,6761","3,7269","3,6715","1,14%"
"10.07.2018","3,6772","3,6713","3,7033","3,6637","0,20%"
"09.07.2018","3,6700","3,7079","3,7106","3,6591","-1,00%"
"06.07.2018","3,7071","3,7224","3,7309","3,7014","-0,41%"
"05.07.2018","3,7224","3,7597","3,7614","3,7140","-1,00%"
"04.07.2018","3,7599","3,7723","3,7778","3,7527","-0,31%"
"03.07.2018","3,7717","3,7795","3,7879","3,7609","-0,22%"
"02.07.2018","3,7799","3,7420","3,8016","3,7346","1,01%"
"29.06.2018","3,7420","3,7717","3,7750","3,7340","-0,78%"
"28.06.2018","3,7713","3,7668","3,7839","3,7584","0,12%"
"27.06.2018","3,7668","3,7243","3,7740","3,7088","1,14%"
"26.06.2018","3,7245","3,7121","3,7298","3,7031","0,33%"
"25.06.2018","3,7123","3,7064","3,7268","3,7008","0,11%"
"22.06.2018","3,7083","3,7302","3,7332","3,6942","-0,62%"
"21.06.2018","3,7313","3,7311","3,7629","3,7178","0,03%"
"20.06.2018","3,7302","3,7218","3,7386","3,7136","0,23%"
"19.06.2018","3,7218","3,7022","3,7410","3,6959","0,50%"
"18.06.2018","3,7033","3,6907","3,7087","3,6869","0,30%"
"15.06.2018","3,6923","3,7031","3,7161","3,6808","-0,33%"
"14.06.2018","3,7045","3,6271","3,7062","3,6063","2,13%"
"13.06.2018","3,6273","3,6450","3,6521","3,6220","-0,49%"
"12.06.2018","3,6452","3,6202","3,6509","3,6162","0,70%"
"11.06.2018","3,6199","3,6359","3,6374","3,6107","-0,43%"
"08.06.2018","3,6357","3,6242","3,6583","3,6199","0,33%"
"07.06.2018","3,6237","3,6237","3,6265","3,5962","0,00%"
"06.06.2018","3,6237","3,6545","3,6545","3,6168","-0,82%"
"05.06.2018","3,6538","3,6534","3,6782","3,6437","0,01%"
"04.06.2018","3,6534","3,6894","3,6932","3,6479","-1,02%"
"01.06.2018","3,6909","3,6913","3,7134","3,6776","-0,02%"
"31.05.2018","3,6915","3,6900","3,7092","3,6700","0,04%"
"30.05.2018","3,6900","3,7561","3,7662","3,6885","-1,76%"
"29.05.2018","3,7561","3,7008","3,7626","3,6951","1,50%"
"28.05.2018","3,7005","3,7027","3,7073","3,6662","-0,06%"
"25.05.2018","3,7027","3,6787","3,7062","3,6625","0,68%"
"24.05.2018","3,6776","3,6782","3,6860","3,6532","-0,02%"
"23.05.2018","3,6784","3,6359","3,6955","3,6319","1,13%"
"22.05.2018","3,6374","3,6378","3,6481","3,6128","-0,02%"
"21.05.2018","3,6380","3,6551","3,6747","3,6357","-0,42%"
"18.05.2018","3,6534","3,6420","3,6618","3,6250","0,31%"
"17.05.2018","3,6421","3,6183","3,6475","3,6082","0,65%"
"16.05.2018","3,6185","3,6288","3,6498","3,6143","-0,29%"
"15.05.2018","3,6290","3,5816","3,6391","3,5781","1,29%"
"14.05.2018","3,5827","3,5698","3,5838","3,5527","0,28%"
"11.05.2018","3,5726","3,5652","3,5783","3,5570","0,16%"
"10.05.2018","3,5669","3,5972","3,6008","3,5476","-0,84%"
"09.05.2018","3,5972","3,6079","3,6336","3,5837","-0,30%"
"08.05.2018","3,6080","3,5741","3,6202","3,5657","0,95%"
"07.05.2018","3,5741","3,5516","3,5785","3,5425","0,64%"
"04.05.2018","3,5514","3,5585","3,5764","3,5402","-0,20%"
"03.05.2018","3,5585","3,5709","3,5795","3,5514","-0,37%"
"02.05.2018","3,5716","3,5646","3,5800","3,5351","0,18%"
"01.05.2018","3,5652","3,5086","3,5716","3,5053","1,61%"
"30.04.2018","3,5088","3,4701","3,5120","3,4659","1,12%"
"27.04.2018","3,4700","3,4939","3,5099","3,4682","-0,67%"
"26.04.2018","3,4933","3,4764","3,4973","3,4638","0,48%"
"25.04.2018","3,4766","3,4386","3,4827","3,4360","1,09%"
"24.04.2018","3,4392","3,4415","3,4484","3,4352","-0,07%"
"23.04.2018","3,4415","3,3960","3,4476","3,3958","1,34%"
"20.04.2018","3,3960","3,3748","3,4049","3,3721","0,62%"
"19.04.2018","3,3750","3,3649","3,3815","3,3590","0,27%"
"18.04.2018","3,3660","3,3655","3,3775","3,3567","0,01%"
"17.04.2018","3,3657","3,3546","3,3744","3,3457","0,33%"
"16.04.2018","3,3546","3,3798","3,3840","3,3523","-0,75%"
"13.04.2018","3,3801","3,3893","3,3958","3,3750","-0,29%"
"12.04.2018","3,3899","3,3830","3,3990","3,3794","0,19%"
"11.04.2018","3,3836","3,3897","3,3925","3,3775","-0,14%"
"10.04.2018","3,3884","3,4036","3,4115","3,3859","-0,45%"
"09.04.2018","3,4038","3,4175","3,4245","3,3996","-0,45%"
"06.04.2018","3,4192","3,4266","3,4358","3,4143","-0,22%"
"05.04.2018","3,4268","3,4211","3,4375","3,4181","0,15%"
"04.04.2018","3,4215","3,4185","3,4310","3,4129","0,08%"
"03.04.2018","3,4186","3,4238","3,4347","3,4098","-0,14%"
"02.04.2018","3,4234","3,4217","3,4282","3,4104","0,03%"
"30.03.2018","3,4223","3,4228","3,4251","3,4108","0,01%"
"29.03.2018","3,4221","3,4152","3,4293","3,4087","0,20%"
"28.03.2018","3,4151","3,3970","3,4185","3,3890","0,54%"
"27.03.2018","3,3969","3,3920","3,4108","3,3782","0,14%"
"26.03.2018","3,3920","3,4230","3,4263","3,3845","-0,91%"
"23.03.2018","3,4232","3,4331","3,4352","3,4148","-0,28%"
"22.03.2018","3,4329","3,4285","3,4367","3,4104","0,15%"
"21.03.2018","3,4278","3,4558","3,4566","3,4223","-0,83%"
"20.03.2018","3,4564","3,4249","3,4581","3,4183","0,95%"
"19.03.2018","3,4240","3,4337","3,4415","3,4152","-0,25%"
"16.03.2018","3,4327","3,4232","3,4394","3,4165","0,25%"
"15.03.2018","3,4240","3,3965","3,4287","3,3916","0,80%"
"14.03.2018","3,3967","3,4002","3,4095","3,3897","-0,10%"
"13.03.2018","3,4002","3,4085","3,4179","3,3935","-0,26%"
"12.03.2018","3,4091","3,4087","3,4186","3,3952","0,03%"
"09.03.2018","3,4080","3,4144","3,4240","3,4000","-0,18%"
"08.03.2018","3,4142","3,3911","3,4204","3,3770","0,70%"
"07.03.2018","3,3904","3,3761","3,4026","3,3681","0,42%"
"06.03.2018","3,3763","3,3967","3,3996","3,3676","-0,59%"
"05.03.2018","3,3963","3,4005","3,4179","3,3931","-0,10%"
"02.03.2018","3,3998","3,4156","3,4238","3,3975","-0,46%"
"01.03.2018","3,4156","3,4247","3,4465","3,4127","-0,26%"
"28.02.2018","3,4245","3,4108","3,4299","3,4078","0,40%"
"27.02.2018","3,4108","3,3853","3,4184","3,3760","0,75%"
"26.02.2018","3,3853","3,3954","3,3988","3,3744","-0,29%"
"23.02.2018","3,3950","3,3911","3,4048","3,3854","0,11%"
"22.02.2018","3,3912","3,3975","3,4129","3,3807","-0,19%"
"21.02.2018","3,3977","3,3630","3,3990","3,3601","0,99%"
"20.02.2018","3,3645","3,3327","3,3695","3,3314","0,97%"
"19.02.2018","3,3323","3,3506","3,3544","3,3285","-0,59%"
"16.02.2018","3,3521","3,3220","3,3569","3,3083","0,91%"
"15.02.2018","3,3218","3,3378","3,3411","3,3192","-0,44%"
"14.02.2018","3,3365","3,3735","3,4059","3,3338","-1,09%"
"13.02.2018","3,3731","3,3914","3,3929","3,3678","-0,53%"
"12.02.2018","3,3910","3,4175","3,4188","3,3876","-0,83%"
"09.02.2018","3,4194","3,4226","3,4375","3,4036","-0,09%"
"08.02.2018","3,4224","3,3988","3,4245","3,3878","0,67%"
"07.02.2018","3,3996","3,3577","3,4034","3,3474","1,25%"
"06.02.2018","3,3577","3,3643","3,3868","3,3403","-0,18%"
"05.02.2018","3,3638","3,3464","3,3645","3,3321","0,55%"
"02.02.2018","3,3454","3,3223","3,3559","3,3187","0,71%"
"01.02.2018","3,3218","3,3451","3,3527","3,3169","-0,69%"
"31.01.2018","3,3449","3,3529","3,3544","3,3251","-0,23%"
"30.01.2018","3,3527","3,3479","3,3636","3,3266","0,14%"
"29.01.2018","3,3481","3,3277","3,3601","3,3237","0,51%"
"26.01.2018","3,3310","3,3420","3,3487","3,3136","-0,33%"
"25.01.2018","3,3420","3,3464","3,3546","3,3072","-0,13%"
"24.01.2018","3,3462","3,3876","3,3908","3,3422","-1,27%"
"23.01.2018","3,3891","3,3992","3,4141","3,3868","-0,29%"
"22.01.2018","3,3988","3,4141","3,4156","3,3971","-0,46%"
"19.01.2018","3,4144","3,4005","3,4158","3,3910","0,41%"
"18.01.2018","3,4005","3,4188","3,4249","3,3941","-0,54%"
"17.01.2018","3,4188","3,4021","3,4219","3,3859","0,49%"
"16.01.2018","3,4022","3,4026","3,4266","3,3967","0,00%"
"15.01.2018","3,4021","3,4196","3,4242","3,3893","-0,60%"
"12.01.2018","3,4228","3,4649","3,4653","3,4207","-1,21%"
"11.01.2018","3,4646","3,4950","3,5000","3,4609","-0,86%"
"10.01.2018","3,4947","3,5099","3,5166","3,4804","-0,43%"
"09.01.2018","3,5099","3,4861","3,5164","3,4827","0,69%"
"08.01.2018","3,4859","3,4520","3,4921","3,4457","1,04%"
"05.01.2018","3,4500","3,4381","3,4565","3,4299","0,34%"
"04.01.2018","3,4383","3,4545","3,4564","3,4348","-0,49%"
"03.01.2018","3,4551","3,4530","3,4734","3,4492","0,07%"
"02.01.2018","3,4528","3,4802","3,4812","3,4491","-0,76%"
"01.01.2018","3,4794","3,4808","3,4834","3,4779","-0,05%"
"29.12.2017","3,4811","3,4973","3,5013","3,4703","-0,47%"
"28.12.2017","3,4977","3,5256","3,5262","3,4910","-0,78%"
"27.12.2017","3,5252","3,5419","3,5431","3,5156","-0,46%"
"26.12.2017","3,5415","3,5330","3,5467","3,5293","0,25%"
"25.12.2017","3,5328","3,5343","3,5364","3,5305","-0,06%"
"22.12.2017","3,5349","3,5344","3,5515","3,5328","0,01%"
"21.12.2017","3,5345","3,5415","3,5452","3,5318","-0,22%"
"20.12.2017","3,5423","3,5471","3,5558","3,5269","-0,14%"
"19.12.2017","3,5471","3,5699","3,5734","3,5410","-0,61%"
"18.12.2017","3,5690","3,5840","3,5877","3,5541","-0,23%"
"15.12.2017","3,5774","3,5869","3,5903","3,5692","-0,26%"
"14.12.2017","3,5869","3,5654","3,5896","3,5587","0,59%"
"13.12.2017","3,5659","3,5854","3,5939","3,5638","-0,55%"
"12.12.2017","3,5856","3,5698","3,5984","3,5639","0,47%"
"11.12.2017","3,5690","3,5690","3,5737","3,5581","-0,02%"
"08.12.2017","3,5697","3,5745","3,5857","3,5654","-0,13%"
"07.12.2017","3,5744","3,5719","3,5792","3,5647","0,09%"
"06.12.2017","3,5713","3,5595","3,5787","3,5522","0,34%"
"05.12.2017","3,5591","3,5463","3,5652","3,5396","0,38%"
"04.12.2017","3,5455","3,5427","3,5558","3,5391","0,05%"
"01.12.2017","3,5438","3,5305","3,5522","3,5229","0,38%"
"30.11.2017","3,5305","3,5478","3,5619","3,5185","-0,50%"
"29.11.2017","3,5482","3,5492","3,5553","3,5303","-0,01%"
"28.11.2017","3,5486","3,5356","3,5530","3,5282","0,37%"
"27.11.2017","3,5354","3,5272","3,5414","3,5153","0,23%"
"24.11.2017","3,5274","3,5518","3,5566","3,5231","-0,69%"
"23.11.2017","3,5518","3,5640","3,5671","3,5469","-0,35%"
"22.11.2017","3,5643","3,5961","3,5980","3,5610","-0,88%"
"21.11.2017","3,5960","3,6058","3,6109","3,5890","-0,27%"
"20.11.2017","3,6059","3,5907","3,6115","3,5869","0,47%"
"17.11.2017","3,5892","3,6002","3,6037","3,5835","-0,31%"
"16.11.2017","3,6004","3,5979","3,6063","3,5926","0,08%"
"15.11.2017","3,5974","3,5989","3,6059","3,5793","-0,05%"
"14.11.2017","3,5993","3,6322","3,6342","3,5981","-0,90%"
"13.11.2017","3,6321","3,6242","3,6412","3,6223","0,23%"
"10.11.2017","3,6239","3,6360","3,6448","3,6181","-0,29%"
"09.11.2017","3,6344","3,6523","3,6582","3,6312","-0,48%"
"08.11.2017","3,6521","3,6629","3,6646","3,6467","-0,34%"
"07.11.2017","3,6644","3,6507","3,6730","3,6484","0,43%"
"06.11.2017","3,6487","3,6554","3,6656","3,6473","-0,22%"
"03.11.2017","3,6566","3,6324","3,6614","3,6267","0,63%"
"02.11.2017","3,6338","3,6433","3,6465","3,6252","-0,26%"
"01.11.2017","3,6431","3,6397","3,6492","3,6334","0,08%"
"31.10.2017","3,6401","3,6475","3,6572","3,6351","-0,20%"
"30.10.2017","3,6475","3,6591","3,6644","3,6406","-0,32%"
"27.10.2017","3,6591","3,6507","3,6728","3,6469","0,23%"
"26.10.2017","3,6507","3,5888","3,6549","3,5835","1,74%"
"25.10.2017","3,5883","3,6114","3,6155","3,5815","-0,61%"
"24.10.2017","3,6103","3,5976","3,6128","3,5911","0,35%"
"23.10.2017","3,5978","3,5941","3,6101","3,5890","0,10%"
"20.10.2017","3,5943","3,5737","3,6016","3,5696","0,58%"
"19.10.2017","3,5736","3,5922","3,6019","3,5697","-0,53%"
"18.10.2017","3,5928","3,5993","3,6067","3,5852","-0,21%"
"17.10.2017","3,6004","3,5905","3,6071","3,5865","0,29%"
"16.10.2017","3,5901","3,5928","3,6084","3,5789","-0,08%"
"13.10.2017","3,5928","3,6092","3,6107","3,5776","-0,46%"
"12.10.2017","3,6094","3,6014","3,6157","3,5945","0,24%"
"11.10.2017","3,6006","3,6364","3,6408","3,5974","-1,00%"
"10.10.2017","3,6368","3,6608","3,6654","3,6279","-0,66%"
"09.10.2017","3,6610","3,6745","3,6806","3,6568","-0,37%"
"06.10.2017","3,6745","3,6749","3,6953","3,6717","-0,02%"
"05.10.2017","3,6751","3,6543","3,6818","3,6492","0,56%"
"04.10.2017","3,6545","3,6736","3,6785","3,6439","-0,56%"
"03.10.2017","3,6749","3,6734","3,6877","3,6593","0,04%"
"02.10.2017","3,6734","3,6494","3,6822","3,6463","0,63%"
"29.09.2017","3,6505","3,6597","3,6684","3,6290","-0,27%"
"28.09.2017","3,6603","3,6825","3,6958","3,6508","-0,58%"
"27.09.2017","3,6818","3,6353","3,6845","3,6324","1,27%"
"26.09.2017","3,6355","3,6069","3,6513","3,6029","0,80%"
"25.09.2017","3,6067","3,5730","3,6203","3,5730","0,99%"
"22.09.2017","3,5715","3,5810","3,5848","3,5578","-0,27%"
"21.09.2017","3,5812","3,5962","3,6069","3,5749","-0,45%"
"20.09.2017","3,5974","3,5688","3,6084","3,5564","0,78%"
"19.09.2017","3,5694","3,5907","3,5924","3,5654","-0,59%"
"18.09.2017","3,5907","3,5798","3,6000","3,5766","0,31%"
"15.09.2017","3,5795","3,5890","3,5955","3,5627","-0,25%"
"14.09.2017","3,5884","3,6040","3,6216","3,5865","-0,43%"
"13.09.2017","3,6038","3,5581","3,6088","3,5495","1,30%"
"12.09.2017","3,5577","3,5516","3,5751","3,5457","0,17%"
"11.09.2017","3,5516","3,5253","3,5539","3,5244","0,69%"
"08.09.2017","3,5272","3,5335","3,5385","3,5126","-0,18%"
"07.09.2017","3,5337","3,5659","3,5659","3,5261","-0,88%"
"06.09.2017","3,5652","3,5528","3,5682","3,5476","0,35%"
"05.09.2017","3,5528","3,5644","3,5707","3,5480","-0,33%"
"04.09.2017","3,5644","3,5854","3,5861","3,5564","-0,60%"
"01.09.2017","3,5859","3,5665","3,5892","3,5381","0,56%"
"31.08.2017","3,5661","3,5789","3,6016","3,5644","-0,36%"
"30.08.2017","3,5789","3,5537","3,5821","3,5492","0,69%"
"29.08.2017","3,5543","3,5456","3,5649","3,5299","0,24%"
"28.08.2017","3,5457","3,5726","3,5751","3,5434","-0,77%"
"25.08.2017","3,5731","3,6121","3,6187","3,5660","-1,05%"
"24.08.2017","3,6111","3,6307","3,6378","3,6063","-0,52%"
"23.08.2017","3,6301","3,6336","3,6418","3,6220","-0,15%"
"22.08.2017","3,6354","3,6230","3,6431","3,6183","0,36%"
"21.08.2017","3,6225","3,6340","3,6463","3,6113","-0,30%"
"18.08.2017","3,6334","3,6450","3,6528","3,6292","-0,32%"
"17.08.2017","3,6452","3,6267","3,6530","3,6183","0,51%"
"16.08.2017","3,6267","3,6559","3,6616","3,6189","-0,80%"
"15.08.2017","3,6559","3,6372","3,6675","3,6315","0,51%"
"14.08.2017","3,6372","3,6254","3,6410","3,6183","0,34%"
"11.08.2017","3,6250","3,6338","3,6526","3,6164","-0,28%"
"10.08.2017","3,6351","3,6288","3,6507","3,6271","0,18%"
"09.08.2017","3,6286","3,6305","3,6526","3,6242","-0,05%"
"08.08.2017","3,6305","3,6046","3,6359","3,5968","0,72%"
"07.08.2017","3,6044","3,6056","3,6098","3,5911","-0,02%"
"04.08.2017","3,6052","3,5722","3,6153","3,5657","0,86%"
"03.08.2017","3,5745","3,5917","3,5993","3,5663","-0,47%"
"02.08.2017","3,5915","3,6031","3,6105","3,5751","-0,36%"
"01.08.2017","3,6046","3,5939","3,6096","3,5901","0,29%"
"31.07.2017","3,5941","3,6174","3,6307","3,5901","-0,70%"
"28.07.2017","3,6196","3,6406","3,6456","3,6152","-0,52%"
"27.07.2017","3,6385","3,6223","3,6519","3,6080","0,43%"
"26.07.2017","3,6228","3,6617","3,6692","3,6135","-1,06%"
"25.07.2017","3,6616","3,6605","3,6671","3,6330","0,00%"
"24.07.2017","3,6616","3,6601","3,6656","3,6343","0,08%"
"21.07.2017","3,6587","3,6232","3,6629","3,6118","1,04%"
"20.07.2017","3,6212","3,6540","3,6686","3,6109","-0,91%"
"19.07.2017","3,6546","3,6373","3,6625","3,6344","0,47%"
"18.07.2017","3,6375","3,6628","3,6661","3,6253","-0,66%"
"17.07.2017","3,6616","3,6656","3,6806","3,6572","-0,12%"
"14.07.2017","3,6660","3,7075","3,7109","3,6648","-1,11%"
"13.07.2017","3,7070","3,7083","3,7228","3,6935","0,02%"
"12.07.2017","3,7063","3,6968","3,7164","3,6869","0,25%"
"11.07.2017","3,6970","3,7179","3,7303","3,6949","-0,51%"
"10.07.2017","3,7161","3,7157","3,7260","3,7064","0,05%"
"07.07.2017","3,7142","3,7102","3,7258","3,6963","0,10%"
"06.07.2017","3,7104","3,7228","3,7395","3,7018","-0,39%"
"05.07.2017","3,7250","3,7340","3,7593","3,7233","-0,23%"
"04.07.2017","3,7337","3,7415","3,7504","3,7250","-0,14%"
"03.07.2017","3,7388","3,7037","3,7433","3,6997","0,99%"
"30.06.2017","3,7022","3,7058","3,7159","3,6963","-0,10%"
"29.06.2017","3,7059","3,7163","3,7330","3,7039","-0,29%"
"28.06.2017","3,7168","3,7353","3,7473","3,7085","-0,57%"
"27.06.2017","3,7382","3,7578","3,7666","3,7233","-0,57%"
"26.06.2017","3,7597","3,7717","3,7782","3,7487","-0,34%"
"23.06.2017","3,7727","3,7969","3,7994","3,7670","-0,64%"
"22.06.2017","3,7969","3,8075","3,8169","3,7885","-0,29%"
"21.06.2017","3,8079","3,8157","3,8226","3,7957","-0,20%"
"20.06.2017","3,8155","3,7837","3,8211","3,7748","0,80%"
"19.06.2017","3,7852","3,7605","3,7853","3,7496","0,71%"
"16.06.2017","3,7587","3,7949","3,8005","3,7549","-0,99%"
"15.06.2017","3,7963","3,7454","3,8077","3,7407","1,47%"
"14.06.2017","3,7412","3,7391","3,7511","3,7123","0,03%"
"13.06.2017","3,7399","3,7452","3,7510","3,7355","-0,08%"
"12.06.2017","3,7428","3,7384","3,7490","3,7273","0,12%"
"09.06.2017","3,7384","3,7405","3,7624","3,7313","-0,13%"
"08.06.2017","3,7432","3,7370","3,7550","3,7302","0,13%"
"07.06.2017","3,7384","3,7167","3,7450","3,7142","0,55%"
"06.06.2017","3,7178","3,7193","3,7403","3,7123","-0,05%"
"05.06.2017","3,7197","3,7090","3,7349","3,7041","0,32%"
"02.06.2017","3,7079","3,7391","3,7414","3,7031","-0,83%"
"01.06.2017","3,7391","3,7163","3,7527","3,7127","0,58%"
"31.05.2017","3,7174","3,7332","3,7405","3,7123","-0,43%"
"30.05.2017","3,7334","3,7445","3,7691","3,7222","-0,31%"
"29.05.2017","3,7449","3,7445","3,7548","3,7309","0,10%"
"26.05.2017","3,7412","3,7233","3,7492","3,7149","0,45%"
"25.05.2017","3,7245","3,7216","3,7363","3,7109","-0,01%"
"24.05.2017","3,7250","3,7630","3,7694","3,7226","-0,88%"
"23.05.2017","3,7581","3,7365","3,7644","3,7258","0,61%"
"22.05.2017","3,7355","3,7401","3,7622","3,7216","-0,16%"
"19.05.2017","3,7416","3,7969","3,8036","3,7376","-1,44%"
"18.05.2017","3,7963","3,7573","3,8083","3,7490","1,08%"
"17.05.2017","3,7558","3,7672","3,7863","3,7514","-0,32%"
"16.05.2017","3,7679","3,8261","3,8261","3,7531","-1,48%"
"15.05.2017","3,8244","3,8545","3,8582","3,8208","-0,76%"
"12.05.2017","3,8538","3,8895","3,8918","3,8476","-0,94%"
"11.05.2017","3,8904","3,8727","3,8984","3,8643","0,40%"
"10.05.2017","3,8748","3,8914","3,8935","3,8725","-0,46%"
"09.05.2017","3,8926","3,8713","3,9001","3,8652","0,60%"
"08.05.2017","3,8695","3,8298","3,8758","3,8102","1,04%"
"05.05.2017","3,8297","3,8513","3,8577","3,8225","-0,53%"
"04.05.2017","3,8500","3,8636","3,8710","3,8403","-0,35%"
"03.05.2017","3,8635","3,8440","3,8666","3,8357","0,54%"
"02.05.2017","3,8426","3,8739","3,8773","3,8399","-0,86%"
"01.05.2017","3,8758","3,8796","3,8830","3,8525","-0,10%"
"28.04.2017","3,8795","3,8822","3,8889","3,8540","-0,11%"
"27.04.2017","3,8836","3,8754","3,8935","3,8582","0,21%"
"26.04.2017","3,8754","3,8662","3,8959","3,8580","0,30%"
"25.04.2017","3,8639","3,9072","3,9120","3,8563","-1,09%"
"24.04.2017","3,9064","3,9747","3,9747","3,8840","-1,71%"
"21.04.2017","3,9743","3,9788","4,0049","3,9670","-0,16%"
"20.04.2017","3,9806","3,9746","3,9839","3,9569","0,15%"
"19.04.2017","3,9745","3,9459","3,9775","3,9390","0,72%"
"18.04.2017","3,9461","3,9844","3,9939","3,9409","-1,05%"
"17.04.2017","3,9878","3,9933","4,0046","3,9844","-0,06%"
"14.04.2017","3,9901","4,0011","4,0058","3,9844","-0,29%"
"13.04.2017","4,0017","3,9820","4,0070","3,9712","0,53%"
"12.04.2017","3,9807","4,0074","4,0147","3,9782","-0,61%"
"11.04.2017","4,0053","3,9941","4,0128","3,9915","0,31%"
"10.04.2017","3,9929","3,9856","4,0048","3,9798","0,14%"
"07.04.2017","3,9872","3,9811","3,9960","3,9655","0,23%"
"06.04.2017","3,9780","3,9712","3,9896","3,9579","0,19%"
"05.04.2017","3,9705","3,9792","3,9848","3,9602","-0,27%"
"04.04.2017","3,9813","3,9663","4,0020","3,9661","0,32%"
"03.04.2017","3,9686","3,9672","3,9895","3,9552","-0,11%"
"31.03.2017","3,9730","3,9496","3,9790","3,9444","0,69%"
"30.03.2017","3,9458","3,9246","3,9489","3,9222","0,56%"
"29.03.2017","3,9240","3,9196","3,9484","3,9155","0,06%"
"28.03.2017","3,9215","3,9066","3,9247","3,8914","0,35%"
"27.03.2017","3,9080","3,9476","3,9476","3,8981","-0,98%"
"24.03.2017","3,9468","3,9548","3,9649","3,9381","-0,21%"
"23.03.2017","3,9553","3,9637","3,9712","3,9479","-0,21%"
"22.03.2017","3,9638","3,9554","3,9796","3,9514","0,20%"
"21.03.2017","3,9560","3,9684","3,9785","3,9411","-0,36%"
"20.03.2017","3,9701","3,9825","3,9909","3,9646","-0,45%"
"17.03.2017","3,9880","4,0042","4,0118","3,9836","-0,30%"
"16.03.2017","3,9998","4,0172","4,0316","3,9920","-0,45%"
"15.03.2017","4,0178","4,0708","4,0737","4,0139","-1,27%"
"14.03.2017","4,0696","4,0621","4,0798","4,0590","0,17%"
"13.03.2017","4,0626","4,0582","4,0774","4,0472","0,09%"
"10.03.2017","4,0591","4,0917","4,0943","4,0534","-0,75%"
"09.03.2017","4,0899","4,0858","4,0946","4,0678","0,04%"
"08.03.2017","4,0884","4,0761","4,0940","4,0716","0,36%"
"07.03.2017","4,0739","4,0690","4,0839","4,0598","0,12%"
"06.03.2017","4,0690","4,0537","4,0797","4,0461","0,39%"
"03.03.2017","4,0531","4,0922","4,1009","4,0472","-0,96%"
"02.03.2017","4,0923","4,0619","4,1000","4,0557","0,77%"
"01.03.2017","4,0611","4,0710","4,0928","4,0455","-0,27%"
"28.02.2017","4,0719","4,0721","4,0812","4,0553","-0,05%"
"27.02.2017","4,0739","4,0843","4,0903","4,0549","-0,30%"
"24.02.2017","4,0860","4,0678","4,0881","4,0575","0,50%"
"23.02.2017","4,0655","4,0728","4,0907","4,0591","-0,16%"
"22.02.2017","4,0720","4,0789","4,1020","4,0634","-0,13%"
"21.02.2017","4,0775","4,0700","4,0987","4,0658","0,23%"